x,y,count
0,163,1
17,117,1
29,101,1
30,63,1
38,149,1
39,49,1
42,146,1
43,103,1
43,118,1
44,139,1
45,134,1
46,62,1
46,112,1
47,116,1
48,79,1
48,106,1
48,109,1
49,58,1
50,94,1
51,91,1
51,94,1
51,128,1
52,91,1
52,112,1
52,113,1
52,121,1
53,96,1
53,114,1
53,117,1
53,144,1
53,148,1
53,149,1
54,101,2
55,51,1
55,94,1
55,110,1
55,118,1
55,123,1
55,199,1
56,63,1
56,101,1
56,102,1
56,118,1
56,126,1
56,134,1
56,137,1
58,76,1
58,79,1
58,113,1
59,83,1
59,87,1
59,104,1
59,106,1
59,120,1
59,123,3
59,124,1
59,132,1
59,147,1
59,166,1
60,83,1
60,84,1
60,100,1
60,103,1
60,108,1
60,126,1
60,132,2
60,135,1
61,55,1
61,67,1
61,76,1
61,88,1
61,93,1
61,105,1
61,109,2
61,111,1
61,115,1
61,122,1
61,124,1
61,129,1
61,131,1
61,136,1
61,138,1
61,159,1
62,91,1
62,98,3
62,99,2
62,101,1
62,106,1
62,107,1
62,111,1
62,112,1
62,114,1
62,116,1
62,122,1
62,147,1
62,152,1
63,65,1
63,71,1
63,74,1
63,83,1
63,90,2
63,100,1
63,102,1
63,104,1
63,114,1
63,116,1
63,128,1
63,132,1
63,134,1
63,167,1
64,86,1
64,101,1
64,109,2
64,110,1
64,120,1
64,134,1
65,52,1
65,55,1
65,89,1
65,90,2
65,95,1
65,104,1
65,109,1
65,113,1
65,114,1
65,121,1
65,122,1
65,123,1
65,124,1
65,132,1
66,45,1
66,52,1
66,59,1
66,70,2
66,85,2
66,89,1
66,90,1
66,93,1
66,94,1
66,95,1
66,96,1
66,97,1
66,100,1
66,103,1
66,104,1
66,105,1
66,106,1
66,107,1
66,108,1
66,112,1
66,113,1
66,115,1
66,121,1
66,133,1
66,143,2
66,150,1
67,90,2
67,92,1
67,95,1
67,97,2
67,101,2
67,105,3
67,107,1
67,110,1
67,113,1
67,116,1
67,117,2
67,122,1
67,123,1
67,125,2
67,128,1
67,130,1
67,133,1
67,139,2
67,140,1
68,47,1
68,55,1
68,66,1
68,71,1
68,88,1
68,90,1
68,92,2
68,93,1
68,96,1
68,99,2
68,100,1
68,102,2
68,103,2
68,104,1
68,105,1
68,106,1
68,108,1
68,110,1
68,112,1
68,115,2
68,116,1
68,117,4
68,121,1
68,122,1
68,124,1
68,125,1
68,129,1
68,133,1
68,134,1
68,138,1
68,162,1
69,63,1
69,78,1
69,81,1
69,85,2
69,91,1
69,92,1
69,96,1
69,97,1
69,98,3
69,99,1
69,102,1
69,103,1
69,106,1
69,107,2
69,109,2
69,112,2
69,113,2
69,114,1
69,116,3
69,118,3
69,121,1
69,125,1
69,128,2
69,148,1
69,153,1
69,157,1
69,166,1
70,61,1
70,70,1
70,78,2
70,81,1
70,91,2
70,92,2
70,94,2
70,96,1
70,98,2
70,104,2
70,105,2
70,106,1
70,107,2
70,110,3
70,112,1
70,113,1
70,114,1
70,115,1
70,117,2
70,118,2
70,119,1
70,121,1
70,122,1
70,123,1
70,135,1
70,138,1
70,146,1
70,152,1
71,70,1
71,74,1
71,77,1
71,79,1
71,80,1
71,89,1
71,90,1
71,93,1
71,95,1
71,96,4
71,97,1
71,98,1
71,100,3
71,101,4
71,103,1
71,107,1
71,108,3
71,109,1
71,110,1
71,111,2
71,112,1
71,113,1
71,115,1
71,117,2
71,118,3
71,120,1
71,121,1
71,122,1
71,123,1
71,125,1
71,126,2
71,128,1
71,133,2
71,134,1
71,135,1
71,136,1
71,141,1
71,153,1
72,56,1
72,66,1
72,72,2
72,76,1
72,78,1
72,80,1
72,81,2
72,85,2
72,87,1
72,88,2
72,89,2
72,91,3
72,92,1
72,93,2
72,94,3
72,95,4
72,97,2
72,98,3
72,100,3
72,101,2
72,102,1
72,103,3
72,105,4
72,106,2
72,107,3
72,109,2
72,110,1
72,112,3
72,113,2
72,114,3
72,118,1
72,119,2
72,123,2
72,124,4
72,126,1
72,127,1
72,128,1
72,135,1
72,140,1
72,141,1
72,147,1
72,151,1
72,160,1
73,58,1
73,70,1
73,78,1
73,80,1
73,81,1
73,82,1
73,83,2
73,84,1
73,85,1
73,86,2
73,88,1
73,90,2
73,92,2
73,93,2
73,94,2
73,95,1
73,96,1
73,97,3
73,98,4
73,100,1
73,101,1
73,102,2
73,103,2
73,104,1
73,105,4
73,106,2
73,107,1
73,108,2
73,109,3
73,110,1
73,111,4
73,112,2
73,114,2
73,115,1
73,117,3
73,119,2
73,120,1
73,122,1
73,123,4
73,125,1
73,126,1
73,127,1
73,129,1
73,130,2
73,131,1
73,133,1
73,134,1
73,137,1
73,140,1
73,144,1
73,145,1
73,158,1
74,42,1
74,70,1
74,71,1
74,73,1
74,74,1
74,80,3
74,82,2
74,83,1
74,84,1
74,85,1
74,86,1
74,87,2
74,90,1
74,91,2
74,95,1
74,98,2
74,99,3
74,100,1
74,101,2
74,102,1
74,104,2
74,107,1
74,108,2
74,109,1
74,112,6
74,113,3
74,114,1
74,115,3
74,116,2
74,117,2
74,118,1
74,119,2
74,120,1
74,122,1
74,124,1
74,125,2
74,126,1
74,127,2
74,129,1
74,130,1
74,131,3
74,135,3
74,137,1
74,139,2
74,141,1
74,153,1
74,168,1
75,43,1
75,69,1
75,70,1
75,72,1
75,75,1
75,76,2
75,78,1
75,80,1
75,83,1
75,85,2
75,86,2
75,89,1
75,94,1
75,95,2
75,96,3
75,97,2
75,98,2
75,99,1
75,100,1
75,101,1
75,102,3
75,103,2
75,104,1
75,105,4
75,106,2
75,107,4
75,108,3
75,109,3
75,110,2
75,111,1
75,112,4
75,113,2
75,114,2
75,115,2
75,116,1
75,117,5
75,118,2
75,120,4
75,121,2
75,122,1
75,123,3
75,124,2
75,125,2
75,126,2
75,127,2
75,128,1
75,129,1
75,130,3
75,131,2
75,132,2
75,133,1
75,135,2
75,136,1
75,139,1
75,143,1
75,147,1
75,154,1
76,66,1
76,68,1
76,73,1
76,74,1
76,76,1
76,77,2
76,78,1
76,80,1
76,81,1
76,82,2
76,83,1
76,84,4
76,85,2
76,86,1
76,88,2
76,89,2
76,90,1
76,91,1
76,92,1
76,93,2
76,94,2
76,95,3
76,96,2
76,98,1
76,99,3
76,100,2
76,101,5
76,102,2
76,105,1
76,106,2
76,107,3
76,108,3
76,109,1
76,110,1
76,111,4
76,112,6
76,113,3
76,115,1
76,116,5
76,117,2
76,118,2
76,119,3
76,120,3
76,121,6
76,122,6
76,123,1
76,124,1
76,125,1
76,126,3
76,127,1
76,128,3
76,129,2
76,130,1
76,131,1
76,134,1
76,135,1
76,137,1
76,140,1
76,141,1
76,142,1
76,144,1
76,147,1
76,149,1
76,152,1
76,160,1
76,164,1
77,24,1
77,72,1
77,77,1
77,82,2
77,83,1
77,85,1
77,87,2
77,88,1
77,89,2
77,90,1
77,91,4
77,92,2
77,93,5
77,94,3
77,96,7
77,97,6
77,98,2
77,99,5
77,100,5
77,101,1
77,102,2
77,103,5
77,104,4
77,105,3
77,106,1
77,107,2
77,108,4
77,109,4
77,110,1
77,111,5
77,112,4
77,113,2
77,114,6
77,115,2
77,116,2
77,118,4
77,119,4
77,120,6
77,121,1
77,122,2
77,123,1
77,125,2
77,128,2
77,129,1
77,130,1
77,131,2
77,133,1
77,135,1
77,136,2
77,140,1
77,143,2
77,147,1
77,154,1
77,163,1
77,167,1
77,176,1
78,51,1
78,54,1
78,59,1
78,60,1
78,61,1
78,64,1
78,70,1
78,72,1
78,74,1
78,77,2
78,78,1
78,79,1
78,80,1
78,82,1
78,83,1
78,84,3
78,85,3
78,86,3
78,87,1
78,88,2
78,89,2
78,90,1
78,91,2
78,92,1
78,93,3
78,94,4
78,95,2
78,96,1
78,97,1
78,98,7
78,99,4
78,100,6
78,101,5
78,102,3
78,103,3
78,104,6
78,105,2
78,106,6
78,107,8
78,108,4
78,109,5
78,110,8
78,111,4
78,112,3
78,113,4
78,114,5
78,115,3
78,116,7
78,117,3
78,118,2
78,119,8
78,120,1
78,121,2
78,122,8
78,123,2
78,124,5
78,125,4
78,127,1
78,128,1
78,129,4
78,130,1
78,131,4
78,132,1
78,133,1
78,134,1
78,135,2
78,136,2
78,137,1
78,138,2
78,139,2
78,141,1
78,142,1
78,143,1
78,145,1
78,146,1
78,148,1
78,160,1
78,199,1
79,52,1
79,60,1
79,62,2
79,65,1
79,66,1
79,70,1
79,73,1
79,75,1
79,76,1
79,77,4
79,79,1
79,80,2
79,81,4
79,82,4
79,83,4
79,84,7
79,85,3
79,86,3
79,87,2
79,88,2
79,89,2
79,90,2
79,91,4
79,92,3
79,93,6
79,94,5
79,95,4
79,96,4
79,97,3
79,98,3
79,99,4
79,100,7
79,101,6
79,102,9
79,103,2
79,104,7
79,105,5
79,106,4
79,107,8
79,108,5
79,109,7
79,110,4
79,111,5
79,112,5
79,113,4
79,114,7
79,115,5
79,116,3
79,117,8
79,118,3
79,119,5
79,120,3
79,121,3
79,122,7
79,123,3
79,124,3
79,125,2
79,126,1
79,127,1
79,128,1
79,129,2
79,130,3
79,131,3
79,132,2
79,133,3
79,134,3
79,135,1
79,136,2
79,138,1
79,141,1
79,142,1
79,143,2
79,146,1
79,148,1
79,149,1
79,150,1
79,153,1
79,155,1
79,166,2
80,63,1
80,67,1
80,70,1
80,71,2
80,74,3
80,75,2
80,76,1
80,77,2
80,80,4
80,81,1
80,84,2
80,85,5
80,86,2
80,87,2
80,88,5
80,89,3
80,90,3
80,91,12
80,92,7
80,93,4
80,94,4
80,95,5
80,96,6
80,97,6
80,98,9
80,99,8
80,100,10
80,101,4
80,102,3
80,103,2
80,105,11
80,106,6
80,107,11
80,108,6
80,109,10
80,110,10
80,111,3
80,112,7
80,113,8
80,114,5
80,115,5
80,116,3
80,117,3
80,118,5
80,119,5
80,120,4
80,121,6
80,122,3
80,123,4
80,124,5
80,125,5
80,126,1
80,127,4
80,128,1
80,129,3
80,130,1
80,131,3
80,132,3
80,133,3
80,134,3
80,135,2
80,137,1
80,140,1
80,141,1
80,142,1
80,144,1
80,145,1
80,146,2
80,147,1
80,150,1
80,151,1
80,152,1
80,154,1
80,155,1
80,169,1
81,53,1
81,58,1
81,60,1
81,61,1
81,66,1
81,68,1
81,69,3
81,72,2
81,74,2
81,75,2
81,76,1
81,77,1
81,78,1
81,79,1
81,80,2
81,81,2
81,82,1
81,83,3
81,84,1
81,85,3
81,86,2
81,87,5
81,88,4
81,89,6
81,90,2
81,91,4
81,92,6
81,93,5
81,94,2
81,95,8
81,96,4
81,97,6
81,98,3
81,99,10
81,100,7
81,101,7
81,102,14
81,103,8
81,104,12
81,105,10
81,106,6
81,107,9
81,108,10
81,109,11
81,110,5
81,111,9
81,112,6
81,113,6
81,114,10
81,115,11
81,116,16
81,117,7
81,118,8
81,119,10
81,120,8
81,121,6
81,122,3
81,123,6
81,124,6
81,125,8
81,126,4
81,127,4
81,128,7
81,129,7
81,130,4
81,132,1
81,133,5
81,134,1
81,135,1
81,136,5
81,137,1
81,138,1
81,139,2
81,140,1
81,141,1
81,143,1
81,144,1
81,145,2
81,147,1
81,148,1
81,149,1
81,150,1
81,154,1
81,157,1
81,158,1
81,166,1
82,43,1
82,47,1
82,59,1
82,61,1
82,66,1
82,71,1
82,72,2
82,73,1
82,74,1
82,75,1
82,76,1
82,77,2
82,78,2
82,79,2
82,80,4
82,81,3
82,82,5
82,83,4
82,84,6
82,85,5
82,86,3
82,87,4
82,88,6
82,89,5
82,90,11
82,91,6
82,92,6
82,93,4
82,94,8
82,95,11
82,96,5
82,97,7
82,98,10
82,99,5
82,100,7
82,101,16
82,102,10
82,103,8
82,104,6
82,105,10
82,106,13
82,107,10
82,108,12
82,109,13
82,110,6
82,111,6
82,112,14
82,113,9
82,114,7
82,115,2
82,116,8
82,117,6
82,118,13
82,119,11
82,120,8
82,121,12
82,122,7
82,123,7
82,124,8
82,125,3
82,126,11
82,127,2
82,128,3
82,129,4
82,130,4
82,131,3
82,132,3
82,133,2
82,134,4
82,135,5
82,136,2
82,137,2
82,138,4
82,139,3
82,140,1
82,141,2
82,142,1
82,143,2
82,144,1
82,147,1
82,152,1
82,156,1
82,158,1
82,162,1
83,44,1
83,49,1
83,56,2
83,59,1
83,62,2
83,64,1
83,65,1
83,67,2
83,70,1
83,71,2
83,74,2
83,75,2
83,76,2
83,77,2
83,78,2
83,79,3
83,80,5
83,81,4
83,82,3
83,83,5
83,84,4
83,85,3
83,86,4
83,87,4
83,88,3
83,89,6
83,90,7
83,91,4
83,92,10
83,93,3
83,94,7
83,95,3
83,96,8
83,97,11
83,98,10
83,99,6
83,100,16
83,101,5
83,102,10
83,103,13
83,104,9
83,105,6
83,106,11
83,107,10
83,108,14
83,109,13
83,110,10
83,111,9
83,112,11
83,113,16
83,114,14
83,115,12
83,116,10
83,117,11
83,118,11
83,119,11
83,120,14
83,121,7
83,122,5
83,123,10
83,124,7
83,125,5
83,126,5
83,127,4
83,128,5
83,129,4
83,130,6
83,131,5
83,132,4
83,133,6
83,134,3
83,135,5
83,136,4
83,137,2
83,138,5
83,139,5
83,140,3
83,142,1
83,143,5
83,145,1
83,146,2
83,147,1
83,149,2
83,150,1
83,151,1
83,154,1
83,156,1
83,157,1
83,165,1
84,47,1
84,54,1
84,55,2
84,59,1
84,60,1
84,62,1
84,63,1
84,64,1
84,65,2
84,68,3
84,71,1
84,72,1
84,73,2
84,74,2
84,76,2
84,77,2
84,79,5
84,80,2
84,81,3
84,82,4
84,83,3
84,84,5
84,85,9
84,86,4
84,87,7
84,88,6
84,89,8
84,90,8
84,91,11
84,92,14
84,93,7
84,94,9
84,95,9
84,96,7
84,97,14
84,98,23
84,99,10
84,100,10
84,101,10
84,102,12
84,103,7
84,104,18
84,105,25
84,106,15
84,107,14
84,108,9
84,109,13
84,110,24
84,111,16
84,112,12
84,113,17
84,114,10
84,115,11
84,116,17
84,117,17
84,118,18
84,119,16
84,120,9
84,121,9
84,122,10
84,123,9
84,124,9
84,125,5
84,126,9
84,127,6
84,128,4
84,129,4
84,130,6
84,131,8
84,132,8
84,133,6
84,134,1
84,135,3
84,136,5
84,137,3
84,138,5
84,140,6
84,142,1
84,144,3
84,145,1
84,149,1
84,160,1
84,164,1
85,53,1
85,57,2
85,59,1
85,63,1
85,68,1
85,69,2
85,70,1
85,72,3
85,73,3
85,75,3
85,76,2
85,77,5
85,78,4
85,79,4
85,80,4
85,81,4
85,82,7
85,83,2
85,84,7
85,85,9
85,86,4
85,87,10
85,88,7
85,89,5
85,90,14
85,91,12
85,92,7
85,93,11
85,94,16
85,95,17
85,96,18
85,97,13
85,98,19
85,99,9
85,100,20
85,101,20
85,102,16
85,103,20
85,104,22
85,105,19
85,106,17
85,107,20
85,108,23
85,109,22
85,110,7
85,111,19
85,112,15
85,113,22
85,114,18
85,115,13
85,116,16
85,117,20
85,118,14
85,119,15
85,120,16
85,121,19
85,122,14
85,123,7
85,124,12
85,125,6
85,126,14
85,127,9
85,128,13
85,129,9
85,130,8
85,131,4
85,132,3
85,133,4
85,134,10
85,135,4
85,136,5
85,137,3
85,138,2
85,139,3
85,140,4
85,141,1
85,142,1
85,143,1
85,146,2
85,147,1
85,149,1
85,151,2
85,152,1
85,156,1
85,159,1
85,161,1
85,162,1
86,44,1
86,45,2
86,62,1
86,65,1
86,66,2
86,68,1
86,69,1
86,70,2
86,71,2
86,73,2
86,75,5
86,76,2
86,77,6
86,78,7
86,79,1
86,80,5
86,81,7
86,82,3
86,83,2
86,84,3
86,85,11
86,86,7
86,87,8
86,88,16
86,89,11
86,90,9
86,91,8
86,92,14
86,93,13
86,94,8
86,95,22
86,96,13
86,97,21
86,98,16
86,99,20
86,100,19
86,101,22
86,102,22
86,103,20
86,104,20
86,105,23
86,106,15
86,107,21
86,108,20
86,109,19
86,110,23
86,111,25
86,112,21
86,113,24
86,114,20
86,115,18
86,116,30
86,117,18
86,118,21
86,119,14
86,120,17
86,121,22
86,122,16
86,123,11
86,124,11
86,125,8
86,126,6
86,127,9
86,128,8
86,129,8
86,130,9
86,131,4
86,132,8
86,133,5
86,134,6
86,135,6
86,136,8
86,137,4
86,138,5
86,140,4
86,141,4
86,142,2
86,143,1
86,144,2
86,145,2
86,146,1
86,148,1
86,149,3
86,150,1
86,152,3
86,153,1
86,160,1
86,167,1
87,58,1
87,60,1
87,62,1
87,65,3
87,66,1
87,67,1
87,68,1
87,70,1
87,71,2
87,72,2
87,73,1
87,74,1
87,75,2
87,76,2
87,77,3
87,78,3
87,79,5
87,80,5
87,81,6
87,82,3
87,83,6
87,84,9
87,85,9
87,86,19
87,87,7
87,88,11
87,89,19
87,90,14
87,91,12
87,92,15
87,93,14
87,94,17
87,95,22
87,96,24
87,97,11
87,98,23
87,99,23
87,100,27
87,101,17
87,102,31
87,103,21
87,104,32
87,105,25
87,106,27
87,107,23
87,108,25
87,109,29
87,110,22
87,111,21
87,112,28
87,113,28
87,114,30
87,115,17
87,116,23
87,117,32
87,118,32
87,119,24
87,120,9
87,121,13
87,122,12
87,123,19
87,124,18
87,125,24
87,126,13
87,127,13
87,128,12
87,129,8
87,130,17
87,131,12
87,132,7
87,133,6
87,134,7
87,135,5
87,136,4
87,137,5
87,138,2
87,139,9
87,140,1
87,141,4
87,142,1
87,144,2
87,145,2
87,147,1
87,148,1
87,151,1
87,152,1
87,153,1
87,157,1
87,159,1
87,177,1
87,179,1
88,49,2
88,53,1
88,58,1
88,62,1
88,64,1
88,65,1
88,66,1
88,67,1
88,69,2
88,70,2
88,71,2
88,72,1
88,73,1
88,74,3
88,75,8
88,76,3
88,77,5
88,78,2
88,79,4
88,80,4
88,81,3
88,82,5
88,83,8
88,84,11
88,85,13
88,86,11
88,87,12
88,88,17
88,89,19
88,90,23
88,91,18
88,92,21
88,93,14
88,94,13
88,95,18
88,96,24
88,97,21
88,98,22
88,99,20
88,100,27
88,101,33
88,102,29
88,103,23
88,104,29
88,105,33
88,106,21
88,107,23
88,108,27
88,109,43
88,110,35
88,111,27
88,112,39
88,113,35
88,114,26
88,115,31
88,116,28
88,117,27
88,118,26
88,119,26
88,120,23
88,121,22
88,122,18
88,123,12
88,124,14
88,125,11
88,126,14
88,127,14
88,128,8
88,129,11
88,130,12
88,131,9
88,132,11
88,133,11
88,134,7
88,135,6
88,136,5
88,137,1
88,138,3
88,139,2
88,140,4
88,141,4
88,142,1
88,143,2
88,144,6
88,145,3
88,147,1
88,148,3
88,151,2
88,152,1
88,153,1
88,155,1
88,156,1
88,160,1
88,163,1
89,43,1
89,49,1
89,56,1
89,57,1
89,58,1
89,64,2
89,65,3
89,66,2
89,68,1
89,69,4
89,70,1
89,71,1
89,72,5
89,74,4
89,75,2
89,76,3
89,77,6
89,78,6
89,79,3
89,80,9
89,81,9
89,82,11
89,83,11
89,84,5
89,85,13
89,86,11
89,87,15
89,88,12
89,89,21
89,90,17
89,91,22
89,92,21
89,93,18
89,94,26
89,95,32
89,96,28
89,97,22
89,98,20
89,99,32
89,100,43
89,101,34
89,102,47
89,103,48
89,104,43
89,105,43
89,106,28
89,107,40
89,108,39
89,109,42
89,110,51
89,111,44
89,112,33
89,113,35
89,114,44
89,115,46
89,116,26
89,117,42
89,118,27
89,119,34
89,120,27
89,121,29
89,122,17
89,123,24
89,124,22
89,125,23
89,126,14
89,127,17
89,128,16
89,129,16
89,130,14
89,131,9
89,132,16
89,133,8
89,134,8
89,135,9
89,136,6
89,137,7
89,138,6
89,139,8
89,140,2
89,141,4
89,142,4
89,143,3
89,144,1
89,145,3
89,146,4
89,147,2
89,148,3
89,150,1
89,151,1
89,155,2
89,156,1
89,165,1
89,174,1
90,57,1
90,59,1
90,65,2
90,66,1
90,67,5
90,68,6
90,69,3
90,70,2
90,71,3
90,72,7
90,74,5
90,75,6
90,76,6
90,77,7
90,78,5
90,79,9
90,80,10
90,81,6
90,82,12
90,83,13
90,84,15
90,85,12
90,86,11
90,87,21
90,88,20
90,89,31
90,90,30
90,91,27
90,92,24
90,93,26
90,94,23
90,95,37
90,96,32
90,97,32
90,98,29
90,99,45
90,100,41
90,101,42
90,102,51
90,103,58
90,104,48
90,105,50
90,106,44
90,107,41
90,108,47
90,109,46
90,110,58
90,111,51
90,112,44
90,113,46
90,114,43
90,115,50
90,116,50
90,117,45
90,118,48
90,119,39
90,120,39
90,121,31
90,122,34
90,123,25
90,124,33
90,125,28
90,126,20
90,127,19
90,128,18
90,129,16
90,130,15
90,131,15
90,132,10
90,133,11
90,134,12
90,135,10
90,136,6
90,137,2
90,138,6
90,139,3
90,140,8
90,141,4
90,142,5
90,143,5
90,144,1
90,145,3
90,146,1
90,147,1
90,148,1
90,149,3
90,153,2
90,154,1
90,155,1
90,164,1
90,166,1
90,181,1
91,46,1
91,51,1
91,52,1
91,58,1
91,63,2
91,65,1
91,67,3
91,69,1
91,70,4
91,71,4
91,72,1
91,73,3
91,74,5
91,75,5
91,76,10
91,77,3
91,78,5
91,79,11
91,80,8
91,81,18
91,82,17
91,83,22
91,84,16
91,85,16
91,86,27
91,87,19
91,88,19
91,89,20
91,90,19
91,91,30
91,92,30
91,93,39
91,94,35
91,95,32
91,96,37
91,97,39
91,98,54
91,99,30
91,100,59
91,101,49
91,102,49
91,103,55
91,104,47
91,105,63
91,106,62
91,107,59
91,108,64
91,109,50
91,110,58
91,111,52
91,112,62
91,113,52
91,114,50
91,115,58
91,116,41
91,117,41
91,118,41
91,119,43
91,120,30
91,121,45
91,122,30
91,123,39
91,124,31
91,125,31
91,126,23
91,127,31
91,128,23
91,129,18
91,130,12
91,131,24
91,132,9
91,133,15
91,134,11
91,135,6
91,136,12
91,137,8
91,138,6
91,139,2
91,140,6
91,141,6
91,142,1
91,143,3
91,144,3
91,145,3
91,146,3
91,147,2
91,148,3
91,149,4
91,150,1
91,153,1
91,154,1
91,155,2
91,157,1
91,162,1
91,165,1
91,167,1
91,170,1
92,58,1
92,60,1
92,61,2
92,62,1
92,63,2
92,64,1
92,66,3
92,67,2
92,68,2
92,69,5
92,70,3
92,72,3
92,73,6
92,74,2
92,75,5
92,76,3
92,77,12
92,78,8
92,79,10
92,80,6
92,81,18
92,82,10
92,83,17
92,84,22
92,85,25
92,86,29
92,87,23
92,88,38
92,89,24
92,90,33
92,91,27
92,92,41
92,93,38
92,94,33
92,95,42
92,96,53
92,97,61
92,98,37
92,99,55
92,100,62
92,101,56
92,102,65
92,103,57
92,104,72
92,105,62
92,106,58
92,107,65
92,108,59
92,109,86
92,110,48
92,111,59
92,112,72
92,113,60
92,114,62
92,115,63
92,116,63
92,117,50
92,118,38
92,119,44
92,120,58
92,121,40
92,122,49
92,123,39
92,124,40
92,125,33
92,126,36
92,127,23
92,128,22
92,129,26
92,130,22
92,131,24
92,132,10
92,133,10
92,134,9
92,135,5
92,136,1
92,137,9
92,138,8
92,139,7
92,140,5
92,141,6
92,142,1
92,143,5
92,144,4
92,145,4
92,146,2
92,147,1
92,148,1
92,149,1
92,150,1
92,151,1
92,153,2
92,158,1
92,165,1
93,48,1
93,51,1
93,55,1
93,57,1
93,59,1
93,60,2
93,61,1
93,65,3
93,67,3
93,68,6
93,69,4
93,70,3
93,71,2
93,72,7
93,73,5
93,74,7
93,75,12
93,76,8
93,77,14
93,78,8
93,79,6
93,80,12
93,81,20
93,82,17
93,83,13
93,84,23
93,85,21
93,86,23
93,87,30
93,88,34
93,89,29
93,90,27
93,91,40
93,92,40
93,93,44
93,94,47
93,95,45
93,96,54
93,97,52
93,98,47
93,99,64
93,100,60
93,101,74
93,102,55
93,103,84
93,104,92
93,105,72
93,106,95
93,107,77
93,108,79
93,109,90
93,110,78
93,111,65
93,112,84
93,113,93
93,114,51
93,115,62
93,116,56
93,117,77
93,118,65
93,119,56
93,120,48
93,121,61
93,122,44
93,123,42
93,124,26
93,125,35
93,126,31
93,127,26
93,128,25
93,129,29
93,130,24
93,131,28
93,132,25
93,133,10
93,134,15
93,135,16
93,136,9
93,137,14
93,138,12
93,139,6
93,140,2
93,141,3
93,142,6
93,143,4
93,144,6
93,145,6
93,146,3
93,147,2
93,148,2
93,149,2
93,150,3
93,151,1
93,152,1
93,153,2
93,154,1
93,158,1
93,161,1
93,166,1
93,168,1
94,53,1
94,55,1
94,59,1
94,61,3
94,62,3
94,63,1
94,64,2
94,65,1
94,66,1
94,67,1
94,68,4
94,69,5
94,71,5
94,72,7
94,73,5
94,74,4
94,75,6
94,76,12
94,77,12
94,78,12
94,79,12
94,80,13
94,81,20
94,82,17
94,83,17
94,84,25
94,85,21
94,86,37
94,87,28
94,88,30
94,89,32
94,90,40
94,91,33
94,92,39
94,93,46
94,94,50
94,95,46
94,96,75
94,97,66
94,98,63
94,99,62
94,100,72
94,101,98
94,102,86
94,103,81
94,104,104
94,105,99
94,106,93
94,107,100
94,108,96
94,109,91
94,110,74
94,111,85
94,112,94
94,113,88
94,114,88
94,115,87
94,116,86
94,117,71
94,118,73
94,119,62
94,120,73
94,121,59
94,122,53
94,123,51
94,124,58
94,125,46
94,126,39
94,127,33
94,128,30
94,129,21
94,130,37
94,131,22
94,132,22
94,133,16
94,134,15
94,135,11
94,136,15
94,137,10
94,138,5
94,139,15
94,140,10
94,141,10
94,142,4
94,143,1
94,144,2
94,145,1
94,146,5
94,147,1
94,148,1
94,149,1
94,151,2
94,153,1
94,154,2
94,157,1
94,158,1
94,161,1
94,162,1
94,165,1
94,166,1
95,31,1
95,48,2
95,52,1
95,55,1
95,57,1
95,58,2
95,59,1
95,60,1
95,62,2
95,63,1
95,65,4
95,66,4
95,67,2
95,68,4
95,69,2
95,70,7
95,71,7
95,72,9
95,73,7
95,74,11
95,75,14
95,76,9
95,77,9
95,78,9
95,79,11
95,80,18
95,81,12
95,82,22
95,83,20
95,84,27
95,85,34
95,86,36
95,87,31
95,88,36
95,89,45
95,90,43
95,91,47
95,92,49
95,93,52
95,94,61
95,95,66
95,96,65
95,97,84
95,98,94
95,99,82
95,100,82
95,101,104
95,102,114
95,103,109
95,104,96
95,105,105
95,106,92
95,107,112
95,108,133
95,109,128
95,110,120
95,111,106
95,112,111
95,113,110
95,114,103
95,115,112
95,116,103
95,117,81
95,118,71
95,119,74
95,120,59
95,121,80
95,122,56
95,123,45
95,124,46
95,125,46
95,126,35
95,127,44
95,128,32
95,129,33
95,130,23
95,131,19
95,132,30
95,133,18
95,134,26
95,135,14
95,136,16
95,137,16
95,138,10
95,139,9
95,140,13
95,141,7
95,142,7
95,143,6
95,144,5
95,145,5
95,146,2
95,147,2
95,148,1
95,149,3
95,150,1
95,152,1
95,154,1
95,155,2
95,158,1
95,161,1
95,165,1
95,166,1
95,175,1
95,198,1
96,43,1
96,46,1
96,57,3
96,61,1
96,62,2
96,63,5
96,65,2
96,66,4
96,67,1
96,68,7
96,69,4
96,70,5
96,71,9
96,72,4
96,73,3
96,74,7
96,75,11
96,76,8
96,77,16
96,78,14
96,79,14
96,80,18
96,81,15
96,82,26
96,83,28
96,84,37
96,85,34
96,86,42
96,87,54
96,88,43
96,89,51
96,90,51
96,91,50
96,92,53
96,93,67
96,94,68
96,95,66
96,96,72
96,97,95
96,98,106
96,99,101
96,100,98
96,101,96
96,102,112
96,103,112
96,104,121
96,105,114
96,106,117
96,107,127
96,108,137
96,109,120
96,110,116
96,111,115
96,112,130
96,113,119
96,114,112
96,115,107
96,116,95
96,117,100
96,118,90
96,119,64
96,120,81
96,121,83
96,122,70
96,123,68
96,124,65
96,125,49
96,126,50
96,127,51
96,128,43
96,129,41
96,130,26
96,131,31
96,132,27
96,133,20
96,134,19
96,135,18
96,136,9
96,137,12
96,138,9
96,139,15
96,140,9
96,141,5
96,142,4
96,143,6
96,144,8
96,145,11
96,146,3
96,147,4
96,148,1
96,149,2
96,150,2
96,151,3
96,152,4
96,154,2
96,155,1
96,159,2
96,161,1
96,181,1
97,50,1
97,56,1
97,59,1
97,60,1
97,61,2
97,62,1
97,63,2
97,64,1
97,66,2
97,67,8
97,68,5
97,69,4
97,70,8
97,71,5
97,72,11
97,73,12
97,74,4
97,75,9
97,76,12
97,77,13
97,78,16
97,79,10
97,80,26
97,81,26
97,82,23
97,83,32
97,84,27
97,85,35
97,86,46
97,87,46
97,88,50
97,89,47
97,90,50
97,91,68
97,92,59
97,93,79
97,94,70
97,95,91
97,96,93
97,97,96
97,98,101
97,99,120
97,100,113
97,101,142
97,102,111
97,103,160
97,104,141
97,105,159
97,106,162
97,107,140
97,108,154
97,109,148
97,110,146
97,111,138
97,112,143
97,113,127
97,114,137
97,115,123
97,116,114
97,117,94
97,118,98
97,119,91
97,120,84
97,121,84
97,122,72
97,123,58
97,124,73
97,125,63
97,126,45
97,127,43
97,128,38
97,129,29
97,130,35
97,131,35
97,132,32
97,133,21
97,134,23
97,135,20
97,136,16
97,137,10
97,138,18
97,139,11
97,140,7
97,141,10
97,142,8
97,143,4
97,144,5
97,145,5
97,146,4
97,147,4
97,148,5
97,149,1
97,150,1
97,151,2
97,152,1
97,153,3
97,154,1
97,155,1
97,157,1
97,158,2
97,159,1
97,160,2
97,165,1
97,171,1
98,53,1
98,56,1
98,57,2
98,58,3
98,59,2
98,61,1
98,63,3
98,64,1
98,65,2
98,66,1
98,67,4
98,68,5
98,69,7
98,70,4
98,71,7
98,72,9
98,73,11
98,74,13
98,75,14
98,76,15
98,77,18
98,78,12
98,79,18
98,80,20
98,81,25
98,82,22
98,83,32
98,84,38
98,85,36
98,86,47
98,87,55
98,88,60
98,89,59
98,90,72
98,91,69
98,92,75
98,93,80
98,94,99
98,95,107
98,96,106
98,97,124
98,98,143
98,99,127
98,100,145
98,101,133
98,102,138
98,103,175
98,104,155
98,105,171
98,106,160
98,107,157
98,108,164
98,109,170
98,110,159
98,111,169
98,112,178
98,113,164
98,114,162
98,115,140
98,116,132
98,117,112
98,118,139
98,119,110
98,120,102
98,121,93
98,122,116
98,123,80
98,124,68
98,125,55
98,126,59
98,127,64
98,128,50
98,129,40
98,130,50
98,131,31
98,132,38
98,133,29
98,134,20
98,135,15
98,136,20
98,137,22
98,138,12
98,139,15
98,140,10
98,141,14
98,142,7
98,143,10
98,144,4
98,145,5
98,146,3
98,147,3
98,148,4
98,149,1
98,150,2
98,151,1
98,152,3
98,153,2
98,156,1
98,157,2
98,160,2
98,162,1
98,164,1
98,167,1
98,168,1
99,37,1
99,40,2
99,42,1
99,45,1
99,49,1
99,54,1
99,55,1
99,59,1
99,60,1
99,61,4
99,62,3
99,64,1
99,65,5
99,66,4
99,67,5
99,68,5
99,69,3
99,70,4
99,71,3
99,72,7
99,73,8
99,74,11
99,75,20
99,76,15
99,77,15
99,78,18
99,79,18
99,80,24
99,81,26
99,82,25
99,83,32
99,84,51
99,85,41
99,86,53
99,87,52
99,88,54
99,89,67
99,90,75
99,91,70
99,92,69
99,93,105
99,94,110
99,95,116
99,96,136
99,97,132
99,98,138
99,99,164
99,100,145
99,101,167
99,102,172
99,103,169
99,104,200
99,105,195
99,106,198
99,107,202
99,108,178
99,109,215
99,110,207
99,111,187
99,112,180
99,113,171
99,114,183
99,115,146
99,116,135
99,117,125
99,118,138
99,119,145
99,120,105
99,121,88
99,122,101
99,123,89
99,124,83
99,125,72
99,126,66
99,127,51
99,128,42
99,129,43
99,130,37
99,131,44
99,132,32
99,133,38
99,134,30
99,135,23
99,136,14
99,137,21
99,138,13
99,139,6
99,140,12
99,141,12
99,142,7
99,143,2
99,144,7
99,145,3
99,146,7
99,147,3
99,148,8
99,149,2
99,150,2
99,151,2
99,152,1
99,153,1
99,156,1
99,157,3
99,159,2
99,162,1
99,165,1
99,172,1
100,36,1
100,43,1
100,53,1
100,56,1
100,57,1
100,58,2
100,60,1
100,61,1
100,62,1
100,63,1
100,64,2
100,65,2
100,66,5
100,67,8
100,68,2
100,69,7
100,70,8
100,71,13
100,72,10
100,73,15
100,74,8
100,75,10
100,76,11
100,77,18
100,78,20
100,79,16
100,80,17
100,81,38
100,82,32
100,83,39
100,84,45
100,85,41
100,86,54
100,87,68
100,88,71
100,89,87
100,90,75
100,91,107
100,92,104
100,93,100
100,94,99
100,95,109
100,96,134
100,97,138
100,98,161
100,99,156
100,100,178
100,101,175
100,102,189
100,103,198
100,104,207
100,105,228
100,106,207
100,107,201
100,108,197
100,109,222
100,110,150
100,111,208
100,112,207
100,113,197
100,114,161
100,115,154
100,116,177
100,117,134
100,118,150
100,119,123
100,120,113
100,121,120
100,122,105
100,123,97
100,124,73
100,125,72
100,126,66
100,127,62
100,128,59
100,129,64
100,130,42
100,131,51
100,132,30
100,133,23
100,134,21
100,135,25
100,136,13
100,137,21
100,138,16
100,139,14
100,140,13
100,141,7
100,142,14
100,143,11
100,144,7
100,145,6
100,146,7
100,147,3
100,148,6
100,149,3
100,150,1
100,151,1
100,152,1
100,154,2
100,155,2
100,157,1
100,163,1
100,164,1
100,188,1
101,40,1
101,48,2
101,55,1
101,56,1
101,57,1
101,59,1
101,60,3
101,61,1
101,62,3
101,63,5
101,64,1
101,65,4
101,66,3
101,67,2
101,68,9
101,69,6
101,70,9
101,71,8
101,72,9
101,73,9
101,74,11
101,75,11
101,76,13
101,77,20
101,78,26
101,79,29
101,80,37
101,81,42
101,82,35
101,83,46
101,84,57
101,85,58
101,86,68
101,87,56
101,88,84
101,89,63
101,90,105
101,91,92
101,92,123
101,93,127
101,94,119
101,95,150
101,96,165
101,97,159
101,98,145
101,99,191
101,100,190
101,101,209
101,102,209
101,103,239
101,104,215
101,105,242
101,106,227
101,107,239
101,108,219
101,109,222
101,110,229
101,111,204
101,112,215
101,113,216
101,114,215
101,115,188
101,116,160
101,117,186
101,118,158
101,119,150
101,120,139
101,121,127
101,122,120
101,123,120
101,124,93
101,125,75
101,126,80
101,127,64
101,128,60
101,129,63
101,130,51
101,131,46
101,132,36
101,133,27
101,134,22
101,135,24
101,136,18
101,137,18
101,138,16
101,139,14
101,140,14
101,141,16
101,142,9
101,143,6
101,144,5
101,145,8
101,146,7
101,147,6
101,148,5
101,149,1
101,150,5
101,151,1
101,154,1
101,155,1
101,156,2
101,157,1
101,160,1
101,165,2
101,168,1
101,174,1
101,179,1
102,44,2
102,49,1
102,50,1
102,53,1
102,55,1
102,56,1
102,57,1
102,60,1
102,61,1
102,62,4
102,63,1
102,64,5
102,65,2
102,66,5
102,67,5
102,68,5
102,69,5
102,70,5
102,71,9
102,72,9
102,73,10
102,74,15
102,75,17
102,76,17
102,77,18
102,78,31
102,79,33
102,80,29
102,81,40
102,82,33
102,83,70
102,84,51
102,85,57
102,86,72
102,87,64
102,88,74
102,89,85
102,90,115
102,91,96
102,92,120
102,93,119
102,94,145
102,95,186
102,96,150
102,97,159
102,98,156
102,99,194
102,100,185
102,101,234
102,102,213
102,103,258
102,104,226
102,105,242
102,106,241
102,107,245
102,108,248
102,109,252
102,110,243
102,111,250
102,112,251
102,113,215
102,114,212
102,115,212
102,116,186
102,117,184
102,118,190
102,119,164
102,120,164
102,121,140
102,122,123
102,123,109
102,124,98
102,125,74
102,126,77
102,127,57
102,128,55
102,129,56
102,130,57
102,131,45
102,132,38
102,133,36
102,134,30
102,135,20
102,136,30
102,137,30
102,138,24
102,139,18
102,140,16
102,141,12
102,142,11
102,143,12
102,144,5
102,145,10
102,146,7
102,147,3
102,148,2
102,149,2
102,150,4
102,151,1
102,153,1
102,155,1
102,160,1
102,162,1
102,163,1
103,45,1
103,48,1
103,50,1
103,51,1
103,58,2
103,59,2
103,60,1
103,61,2
103,63,1
103,64,8
103,65,1
103,66,6
103,67,4
103,68,6
103,69,7
103,70,1
103,71,16
103,72,6
103,73,23
103,74,22
103,75,21
103,76,18
103,77,26
103,78,30
103,79,35
103,80,35
103,81,41
103,82,36
103,83,53
103,84,61
103,85,50
103,86,63
103,87,84
103,88,71
103,89,93
103,90,95
103,91,114
103,92,128
103,93,148
103,94,131
103,95,177
103,96,181
103,97,177
103,98,178
103,99,201
103,100,240
103,101,270
103,102,258
103,103,253
103,104,281
103,105,256
103,106,262
103,107,270
103,108,267
103,109,283
103,110,273
103,111,237
103,112,247
103,113,269
103,114,226
103,115,202
103,116,217
103,117,204
103,118,170
103,119,179
103,120,159
103,121,134
103,122,136
103,123,123
103,124,116
103,125,91
103,126,88
103,127,80
103,128,68
103,129,65
103,130,50
103,131,43
103,132,38
103,133,37
103,134,25
103,135,27
103,136,30
103,137,17
103,138,19
103,139,14
103,140,10
103,141,13
103,142,11
103,143,6
103,144,8
103,145,2
103,146,3
103,147,3
103,148,2
103,149,5
103,150,5
103,151,3
103,154,1
103,156,1
103,157,5
103,158,1
103,159,2
103,160,1
103,162,1
103,192,1
104,29,1
104,48,1
104,49,1
104,51,1
104,54,1
104,56,1
104,57,1
104,58,1
104,60,1
104,61,3
104,62,1
104,63,2
104,64,4
104,65,8
104,66,6
104,67,10
104,68,4
104,69,11
104,70,13
104,71,9
104,72,5
104,73,11
104,74,15
104,75,11
104,76,28
104,77,19
104,78,24
104,79,26
104,80,41
104,81,35
104,82,55
104,83,51
104,84,55
104,85,65
104,86,80
104,87,83
104,88,100
104,89,103
104,90,128
104,91,141
104,92,149
104,93,148
104,94,152
104,95,165
104,96,201
104,97,202
104,98,229
104,99,238
104,100,237
104,101,247
104,102,250
104,103,270
104,104,267
104,105,270
104,106,294
104,107,284
104,108,272
104,109,274
104,110,258
104,111,305
104,112,248
104,113,279
104,114,221
104,115,205
104,116,213
104,117,209
104,118,169
104,119,171
104,120,184
104,121,151
104,122,150
104,123,120
104,124,114
104,125,103
104,126,87
104,127,65
104,128,81
104,129,66
104,130,58
104,131,47
104,132,43
104,133,44
104,134,27
104,135,32
104,136,23
104,137,24
104,138,21
104,139,19
104,140,13
104,141,15
104,142,9
104,143,6
104,144,8
104,145,4
104,146,4
104,147,8
104,148,5
104,149,3
104,150,1
104,151,2
104,152,3
104,153,1
104,154,1
104,157,2
104,158,1
104,159,1
104,160,1
104,161,1
104,162,2
105,46,1
105,47,1
105,49,1
105,51,1
105,52,1
105,53,1
105,57,2
105,58,1
105,60,2
105,61,3
105,62,1
105,63,7
105,64,4
105,65,3
105,66,5
105,67,1
105,68,9
105,69,11
105,70,6
105,71,12
105,72,18
105,73,14
105,74,19
105,75,21
105,76,18
105,77,28
105,78,34
105,79,29
105,80,37
105,81,51
105,82,42
105,83,59
105,84,54
105,85,64
105,86,94
105,87,70
105,88,102
105,89,124
105,90,124
105,91,146
105,92,173
105,93,166
105,94,162
105,95,199
105,96,196
105,97,237
105,98,221
105,99,237
105,100,230
105,101,253
105,102,278
105,103,290
105,104,283
105,105,286
105,106,294
105,107,320
105,108,278
105,109,300
105,110,267
105,111,287
105,112,276
105,113,260
105,114,247
105,115,225
105,116,203
105,117,231
105,118,216
105,119,194
105,120,162
105,121,153
105,122,159
105,123,127
105,124,136
105,125,109
105,126,119
105,127,98
105,128,72
105,129,57
105,130,50
105,131,51
105,132,40
105,133,50
105,134,32
105,135,26
105,136,30
105,137,17
105,138,20
105,139,12
105,140,23
105,141,13
105,142,7
105,143,10
105,144,9
105,145,5
105,146,4
105,147,7
105,148,4
105,149,2
105,150,1
105,151,4
105,152,2
105,153,1
105,154,2
105,155,1
105,160,1
105,161,1
105,166,1
105,178,1
106,46,1
106,58,2
106,59,1
106,60,5
106,62,5
106,63,2
106,64,2
106,65,3
106,66,3
106,67,4
106,68,5
106,69,5
106,70,10
106,71,6
106,72,14
106,73,8
106,74,10
106,75,18
106,76,27
106,77,26
106,78,30
106,79,32
106,80,45
106,81,45
106,82,50
106,83,64
106,84,58
106,85,63
106,86,79
106,87,92
106,88,111
106,89,97
106,90,106
106,91,140
106,92,163
106,93,194
106,94,167
106,95,193
106,96,179
106,97,220
106,98,241
106,99,243
106,100,264
106,101,265
106,102,256
106,103,284
106,104,328
106,105,295
106,106,292
106,107,307
106,108,288
106,109,292
106,110,289
106,111,317
106,112,268
106,113,264
106,114,247
106,115,225
106,116,206
106,117,237
106,118,211
106,119,161
106,120,195
106,121,167
106,122,158
106,123,136
106,124,128
106,125,94
106,126,97
106,127,82
106,128,93
106,129,68
106,130,66
106,131,61
106,132,50
106,133,36
106,134,30
106,135,31
106,136,20
106,137,24
106,138,20
106,139,14
106,140,10
106,141,12
106,142,5
106,143,9
106,144,11
106,145,2
106,146,6
106,147,2
106,148,1
106,149,1
106,150,3
106,151,3
106,152,2
106,153,3
106,154,1
106,155,2
106,163,1
106,165,1
106,172,1
106,177,1
107,57,1
107,59,5
107,61,3
107,62,2
107,63,1
107,65,5
107,66,4
107,67,8
107,68,5
107,69,7
107,70,7
107,71,14
107,72,20
107,73,14
107,74,11
107,75,22
107,76,26
107,77,28
107,78,25
107,79,41
107,80,51
107,81,58
107,82,54
107,83,64
107,84,72
107,85,76
107,86,86
107,87,83
107,88,124
107,89,119
107,90,112
107,91,125
107,92,153
107,93,188
107,94,197
107,95,213
107,96,215
107,97,253
107,98,234
107,99,253
107,100,295
107,101,264
107,102,305
107,103,313
107,104,323
107,105,312
107,106,281
107,107,284
107,108,331
107,109,322
107,110,298
107,111,272
107,112,298
107,113,298
107,114,261
107,115,266
107,116,252
107,117,197
107,118,233
107,119,190
107,120,165
107,121,172
107,122,143
107,123,124
107,124,135
107,125,110
107,126,94
107,127,101
107,128,89
107,129,58
107,130,70
107,131,59
107,132,48
107,133,37
107,134,31
107,135,31
107,136,27
107,137,17
107,138,25
107,139,14
107,140,20
107,141,10
107,142,11
107,143,10
107,144,8
107,145,5
107,146,6
107,147,4
107,148,5
107,149,6
107,150,2
107,151,2
107,152,2
107,154,1
107,155,2
107,157,1
107,158,4
107,159,1
107,160,2
107,165,1
107,169,1
107,186,1
108,43,1
108,48,1
108,49,1
108,50,1
108,53,1
108,55,1
108,56,1
108,57,2
108,58,2
108,60,3
108,61,2
108,62,4
108,63,5
108,64,7
108,65,3
108,66,6
108,67,5
108,68,12
108,69,5
108,70,8
108,71,14
108,72,24
108,73,17
108,74,19
108,75,30
108,76,26
108,77,25
108,78,30
108,79,37
108,80,40
108,81,49
108,82,50
108,83,53
108,84,53
108,85,83
108,86,95
108,87,95
108,88,110
108,89,125
108,90,154
108,91,134
108,92,170
108,93,186
108,94,185
108,95,199
108,96,226
108,97,246
108,98,276
108,99,282
108,100,240
108,101,301
108,102,300
108,103,336
108,104,318
108,105,327
108,106,333
108,107,312
108,108,313
108,109,317
108,110,328
108,111,297
108,112,274
108,113,287
108,114,279
108,115,251
108,116,245
108,117,254
108,118,210
108,119,191
108,120,184
108,121,172
108,122,186
108,123,139
108,124,144
108,125,144
108,126,96
108,127,79
108,128,94
108,129,71
108,130,81
108,131,60
108,132,51
108,133,40
108,134,38
108,135,38
108,136,25
108,137,21
108,138,25
108,139,15
108,140,10
108,141,13
108,142,11
108,143,10
108,144,12
108,145,6
108,146,7
108,147,3
108,148,5
108,149,5
108,150,4
108,151,3
108,152,3
108,153,1
108,154,3
108,160,1
108,163,2
108,168,1
108,169,1
108,170,1
108,171,1
108,178,1
109,41,1
109,54,1
109,56,1
109,57,1
109,58,1
109,60,3
109,61,4
109,62,4
109,63,6
109,64,3
109,65,6
109,66,9
109,67,6
109,68,6
109,69,11
109,70,11
109,71,9
109,72,12
109,73,15
109,74,25
109,75,29
109,76,27
109,77,25
109,78,36
109,79,33
109,80,51
109,81,56
109,82,60
109,83,69
109,84,65
109,85,67
109,86,98
109,87,108
109,88,124
109,89,134
109,90,135
109,91,169
109,92,182
109,93,162
109,94,204
109,95,191
109,96,218
109,97,228
109,98,257
109,99,267
109,100,271
109,101,287
109,102,305
109,103,343
109,104,326
109,105,287
109,106,316
109,107,320
109,108,307
109,109,297
109,110,310
109,111,318
109,112,314
109,113,286
109,114,240
109,115,273
109,116,225
109,117,238
109,118,239
109,119,240
109,120,188
109,121,176
109,122,168
109,123,140
109,124,124
109,125,119
109,126,110
109,127,84
109,128,92
109,129,79
109,130,59
109,131,51
109,132,55
109,133,34
109,134,28
109,135,29
109,136,28
109,137,23
109,138,16
109,139,17
109,140,13
109,141,17
109,142,8
109,143,9
109,144,10
109,145,4
109,146,6
109,147,5
109,148,2
109,149,2
109,150,7
109,151,4
109,152,1
109,154,1
109,155,1
109,157,2
109,158,1
109,160,2
109,166,1
110,36,1
110,48,1
110,52,1
110,55,1
110,57,2
110,59,2
110,62,1
110,63,3
110,64,3
110,65,2
110,66,11
110,67,6
110,68,5
110,69,9
110,70,14
110,71,18
110,72,14
110,73,16
110,74,16
110,75,22
110,76,23
110,77,40
110,78,37
110,79,40
110,80,55
110,81,57
110,82,64
110,83,51
110,84,81
110,85,91
110,86,95
110,87,92
110,88,114
110,89,135
110,90,124
110,91,133
110,92,181
110,93,199
110,94,179
110,95,234
110,96,245
110,97,242
110,98,246
110,99,269
110,100,251
110,101,296
110,102,281
110,103,300
110,104,325
110,105,321
110,106,335
110,107,328
110,108,333
110,109,332
110,110,343
110,111,305
110,112,259
110,113,265
110,114,284
110,115,280
110,116,236
110,117,259
110,118,218
110,119,175
110,120,204
110,121,165
110,122,165
110,123,135
110,124,124
110,125,111
110,126,106
110,127,102
110,128,89
110,129,64
110,130,67
110,131,65
110,132,48
110,133,45
110,134,35
110,135,28
110,136,35
110,137,24
110,138,23
110,139,17
110,140,18
110,141,12
110,142,10
110,143,5
110,144,9
110,145,6
110,146,7
110,147,5
110,148,4
110,149,5
110,150,3
110,151,1
110,153,4
110,154,2
110,155,1
110,156,3
110,157,1
110,158,2
110,163,1
110,171,1
111,50,1
111,52,1
111,53,1
111,54,1
111,57,2
111,59,1
111,60,2
111,61,1
111,62,1
111,63,2
111,64,3
111,65,2
111,66,6
111,67,5
111,68,10
111,69,5
111,70,9
111,71,10
111,72,9
111,73,13
111,74,14
111,75,22
111,76,31
111,77,27
111,78,47
111,79,34
111,80,31
111,81,31
111,82,54
111,83,68
111,84,84
111,85,72
111,86,91
111,87,102
111,88,116
111,89,151
111,90,134
111,91,161
111,92,154
111,93,172
111,94,242
111,95,194
111,96,205
111,97,247
111,98,237
111,99,259
111,100,258
111,101,276
111,102,299
111,103,343
111,104,321
111,105,310
111,106,300
111,107,286
111,108,341
111,109,303
111,110,293
111,111,326
111,112,305
111,113,277
111,114,277
111,115,231
111,116,235
111,117,282
111,118,222
111,119,196
111,120,189
111,121,153
111,122,148
111,123,121
111,124,135
111,125,133
111,126,110
111,127,82
111,128,76
111,129,79
111,130,78
111,131,58
111,132,49
111,133,42
111,134,56
111,135,32
111,136,21
111,137,28
111,138,17
111,139,19
111,140,14
111,141,10
111,142,14
111,143,12
111,144,6
111,145,3
111,146,5
111,147,6
111,148,6
111,149,3
111,151,4
111,152,1
111,153,2
111,154,2
111,155,1
111,156,1
111,157,2
111,158,1
111,159,1
111,160,1
111,161,1
112,46,1
112,49,1
112,52,1
112,53,1
112,55,1
112,59,3
112,60,1
112,61,1
112,62,2
112,63,6
112,64,2
112,65,3
112,66,5
112,67,5
112,68,10
112,69,3
112,70,8
112,71,23
112,72,14
112,73,17
112,74,14
112,75,21
112,76,27
112,77,36
112,78,28
112,79,51
112,80,46
112,81,50
112,82,47
112,83,67
112,84,73
112,85,82
112,86,91
112,87,106
112,88,111
112,89,116
112,90,150
112,91,133
112,92,162
112,93,180
112,94,197
112,95,227
112,96,233
112,97,251
112,98,277
112,99,296
112,100,258
112,101,259
112,102,312
112,103,293
112,104,317
112,105,303
112,106,291
112,107,295
112,108,343
112,109,323
112,110,300
112,111,284
112,112,304
112,113,291
112,114,262
112,115,235
112,116,244
112,117,244
112,118,222
112,119,186
112,120,168
112,121,156
112,122,143
112,123,119
112,124,149
112,125,117
112,126,108
112,127,75
112,128,87
112,129,67
112,130,68
112,131,59
112,132,38
112,133,42
112,134,43
112,135,30
112,136,32
112,137,32
112,138,17
112,139,21
112,140,16
112,141,14
112,142,13
112,143,6
112,144,11
112,145,5
112,146,6
112,147,4
112,148,2
112,149,1
112,150,3
112,151,3
112,152,1
112,154,3
112,156,1
112,158,1
112,161,1
112,162,1
113,50,1
113,51,2
113,53,1
113,54,2
113,56,2
113,57,2
113,59,2
113,60,2
113,61,2
113,62,2
113,63,3
113,64,1
113,65,4
113,66,8
113,67,6
113,68,9
113,69,7
113,70,10
113,71,4
113,72,10
113,73,17
113,74,17
113,75,15
113,76,30
113,77,23
113,78,24
113,79,37
113,80,47
113,81,63
113,82,52
113,83,67
113,84,78
113,85,79
113,86,83
113,87,97
113,88,106
113,89,126
113,90,114
113,91,156
113,92,156
113,93,173
113,94,208
113,95,188
113,96,214
113,97,241
113,98,245
113,99,283
113,100,287
113,101,293
113,102,316
113,103,320
113,104,286
113,105,345
113,106,316
113,107,287
113,108,312
113,109,304
113,110,315
113,111,302
113,112,292
113,113,271
113,114,264
113,115,248
113,116,232
113,117,219
113,118,209
113,119,184
113,120,192
113,121,165
113,122,149
113,123,124
113,124,108
113,125,115
113,126,95
113,127,90
113,128,74
113,129,63
113,130,60
113,131,49
113,132,44
113,133,37
113,134,41
113,135,34
113,136,19
113,137,26
113,138,20
113,139,12
113,140,11
113,141,7
113,142,5
113,143,5
113,144,6
113,145,1
113,146,5
113,147,6
113,148,7
113,149,2
113,150,1
113,151,1
113,152,5
113,153,1
113,154,4
113,155,1
113,156,1
113,158,1
113,159,2
113,160,1
113,166,1
113,177,1
114,20,1
114,42,1
114,52,1
114,57,1
114,60,1
114,62,1
114,63,3
114,64,7
114,65,2
114,66,3
114,67,1
114,68,6
114,69,6
114,70,12
114,71,10
114,72,6
114,73,15
114,74,26
114,75,22
114,76,26
114,77,23
114,78,41
114,79,32
114,80,39
114,81,60
114,82,63
114,83,52
114,84,66
114,85,83
114,86,113
114,87,99
114,88,97
114,89,124
114,90,142
114,91,139
114,92,150
114,93,197
114,94,170
114,95,203
114,96,187
114,97,240
114,98,232
114,99,264
114,100,246
114,101,285
114,102,255
114,103,253
114,104,294
114,105,272
114,106,304
114,107,289
114,108,329
114,109,280
114,110,285
114,111,246
114,112,272
114,113,284
114,114,257
114,115,234
114,116,241
114,117,208
114,118,227
114,119,184
114,120,186
114,121,160
114,122,164
114,123,135
114,124,105
114,125,115
114,126,108
114,127,77
114,128,76
114,129,84
114,130,58
114,131,42
114,132,40
114,133,42
114,134,38
114,135,29
114,136,21
114,137,19
114,138,21
114,139,24
114,140,20
114,141,10
114,142,10
114,143,11
114,144,5
114,145,3
114,146,8
114,147,5
114,148,4
114,149,3
114,150,3
114,151,1
114,152,1
114,153,1
114,156,1
114,157,1
114,159,2
114,160,1
114,162,1
114,166,1
115,49,1
115,52,1
115,53,1
115,56,1
115,58,1
115,60,2
115,61,1
115,62,3
115,63,6
115,64,3
115,65,4
115,66,4
115,67,5
115,68,8
115,69,4
115,70,12
115,71,8
115,72,16
115,73,12
115,74,27
115,75,34
115,76,22
115,77,23
115,78,33
115,79,41
115,80,43
115,81,53
115,82,60
115,83,60
115,84,72
115,85,84
115,86,94
115,87,83
115,88,106
115,89,119
115,90,110
115,91,153
115,92,149
115,93,145
115,94,148
115,95,188
115,96,226
115,97,201
115,98,246
115,99,264
115,100,249
115,101,240
115,102,261
115,103,294
115,104,253
115,105,259
115,106,277
115,107,284
115,108,296
115,109,267
115,110,296
115,111,266
115,112,279
115,113,273
115,114,230
115,115,235
115,116,198
115,117,199
115,118,208
115,119,189
115,120,149
115,121,147
115,122,127
115,123,137
115,124,122
115,125,99
115,126,90
115,127,84
115,128,61
115,129,49
115,130,47
115,131,63
115,132,38
115,133,46
115,134,39
115,135,19
115,136,27
115,137,16
115,138,22
115,139,14
115,140,13
115,141,10
115,142,11
115,143,8
115,144,6
115,145,6
115,146,8
115,147,8
115,148,3
115,149,1
115,150,5
115,151,2
115,152,2
115,153,2
115,154,1
115,155,1
115,157,2
115,160,1
115,161,1
115,162,1
115,166,1
115,172,1
115,188,1
116,37,1
116,39,1
116,51,2
116,55,2
116,57,1
116,59,1
116,60,1
116,61,1
116,62,5
116,63,3
116,64,2
116,65,3
116,66,2
116,67,7
116,68,7
116,69,13
116,70,5
116,71,11
116,72,16
116,73,15
116,74,23
116,75,23
116,76,22
116,77,35
116,78,31
116,79,47
116,80,41
116,81,46
116,82,45
116,83,70
116,84,74
116,85,74
116,86,74
116,87,96
116,88,101
116,89,113
116,90,119
116,91,127
116,92,147
116,93,185
116,94,168
116,95,183
116,96,207
116,97,245
116,98,215
116,99,231
116,100,231
116,101,277
116,102,261
116,103,286
116,104,280
116,105,293
116,106,286
116,107,280
116,108,279
116,109,274
116,110,242
116,111,300
116,112,241
116,113,236
116,114,230
116,115,211
116,116,217
116,117,223
116,118,154
116,119,168
116,120,154
116,121,155
116,122,144
116,123,119
116,124,96
116,125,101
116,126,74
116,127,75
116,128,62
116,129,59
116,130,52
116,131,57
116,132,31
116,133,46
116,134,38
116,135,33
116,136,21
116,137,21
116,138,21
116,139,15
116,140,11
116,141,12
116,142,6
116,143,13
116,144,7
116,145,6
116,146,4
116,147,6
116,148,4
116,149,7
116,150,3
116,151,1
116,153,4
116,154,1
116,155,2
116,156,2
116,158,1
116,159,1
116,179,1
117,46,1
117,51,3
117,55,1
117,56,2
117,58,1
117,59,3
117,60,1
117,62,2
117,63,5
117,64,2
117,65,1
117,66,3
117,67,4
117,68,4
117,69,8
117,70,6
117,71,6
117,72,5
117,73,7
117,74,18
117,75,23
117,76,22
117,77,24
117,78,24
117,79,30
117,80,42
117,81,33
117,82,43
117,83,50
117,84,62
117,85,56
117,86,78
117,87,100
117,88,96
117,89,125
117,90,105
117,91,158
117,92,141
117,93,161
117,94,174
117,95,208
117,96,174
117,97,218
117,98,218
117,99,231
117,100,249
117,101,240
117,102,259
117,103,251
117,104,268
117,105,245
117,106,259
117,107,269
117,108,263
117,109,280
117,110,249
117,111,236
117,112,228
117,113,249
117,114,214
117,115,201
117,116,223
117,117,193
117,118,183
117,119,158
117,120,160
117,121,129
117,122,113
117,123,116
117,124,93
117,125,120
117,126,94
117,127,68
117,128,74
117,129,56
117,130,41
117,131,42
117,132,34
117,133,25
117,134,37
117,135,26
117,136,27
117,137,17
117,138,19
117,139,13
117,140,15
117,141,14
117,142,8
117,143,7
117,144,8
117,145,6
117,146,6
117,147,6
117,148,3
117,149,6
117,150,1
117,151,3
117,154,2
117,155,1
117,156,2
117,157,1
117,162,1
117,163,2
118,41,1
118,53,1
118,54,1
118,55,1
118,61,2
118,62,3
118,63,3
118,64,3
118,65,3
118,66,3
118,67,4
118,68,4
118,69,9
118,70,6
118,71,7
118,72,11
118,73,18
118,74,17
118,75,20
118,76,18
118,77,24
118,78,30
118,79,28
118,80,39
118,81,49
118,82,50
118,83,41
118,84,69
118,85,49
118,86,76
118,87,100
118,88,105
118,89,104
118,90,115
118,91,147
118,92,148
118,93,148
118,94,149
118,95,182
118,96,174
118,97,175
118,98,218
118,99,208
118,100,202
118,101,222
118,102,246
118,103,224
118,104,207
118,105,225
118,106,257
118,107,243
118,108,249
118,109,250
118,110,247
118,111,233
118,112,241
118,113,230
118,114,215
118,115,196
118,116,194
118,117,178
118,118,161
118,119,161
118,120,149
118,121,147
118,122,124
118,123,110
118,124,115
118,125,100
118,126,68
118,127,68
118,128,58
118,129,57
118,130,48
118,131,43
118,132,32
118,133,30
118,134,36
118,135,20
118,136,24
118,137,16
118,138,21
118,139,15
118,140,13
118,141,9
118,142,10
118,143,11
118,144,8
118,145,10
118,146,2
118,147,2
118,150,4
118,151,1
118,153,2
118,154,3
118,155,1
118,156,1
118,157,1
118,159,1
118,160,2
118,161,1
118,163,1
118,166,1
119,50,1
119,52,1
119,53,2
119,54,1
119,56,1
119,58,2
119,59,1
119,60,2
119,62,1
119,63,2
119,65,3
119,66,1
119,67,6
119,68,6
119,69,3
119,70,7
119,71,15
119,72,10
119,73,10
119,74,12
119,75,21
119,76,14
119,77,22
119,78,35
119,79,38
119,80,29
119,81,43
119,82,41
119,83,66
119,84,48
119,85,46
119,86,71
119,87,85
119,88,103
119,89,98
119,90,105
119,91,116
119,92,127
119,93,131
119,94,143
119,95,147
119,96,150
119,97,185
119,98,195
119,99,195
119,100,225
119,101,233
119,102,220
119,103,209
119,104,227
119,105,225
119,106,238
119,107,256
119,108,231
119,109,239
119,110,231
119,111,216
119,112,201
119,113,215
119,114,209
119,115,203
119,116,178
119,117,181
119,118,170
119,119,150
119,120,117
119,121,113
119,122,132
119,123,110
119,124,86
119,125,69
119,126,73
119,127,80
119,128,60
119,129,51
119,130,49
119,131,44
119,132,32
119,133,27
119,134,20
119,135,15
119,136,28
119,137,16
119,138,22
119,139,12
119,140,9
119,141,15
119,142,2
119,143,4
119,144,3
119,145,4
119,146,6
119,147,2
119,148,6
119,149,3
119,150,2
119,151,4
119,152,3
119,153,2
119,154,1
119,158,2
119,161,2
119,164,1
119,171,1
119,183,1
120,19,1
120,31,1
120,45,1
120,46,1
120,57,1
120,58,2
120,60,2
120,62,4
120,63,1
120,64,2
120,65,2
120,66,4
120,67,5
120,68,4
120,69,5
120,70,3
120,71,8
120,72,9
120,73,7
120,74,7
120,75,17
120,76,23
120,77,21
120,78,24
120,79,24
120,80,33
120,81,38
120,82,33
120,83,44
120,84,61
120,85,70
120,86,76
120,87,87
120,88,88
120,89,84
120,90,110
120,91,98
120,92,117
120,93,134
120,94,131
120,95,154
120,96,157
120,97,158
120,98,189
120,99,167
120,100,179
120,101,204
120,102,199
120,103,223
120,104,185
120,105,218
120,106,213
120,107,214
120,108,208
120,109,197
120,110,204
120,111,195
120,112,200
120,113,209
120,114,177
120,115,171
120,116,158
120,117,170
120,118,138
120,119,146
120,120,108
120,121,105
120,122,99
120,123,90
120,124,77
120,125,80
120,126,70
120,127,66
120,128,49
120,129,47
120,130,38
120,131,37
120,132,30
120,133,24
120,134,29
120,135,27
120,136,15
120,137,16
120,138,13
120,139,14
120,140,14
120,141,8
120,142,11
120,143,10
120,144,8
120,145,6
120,146,3
120,147,3
120,148,3
120,150,1
120,151,2
120,152,2
120,157,2
120,158,1
120,161,2
120,162,1
120,172,1
121,41,2
121,42,1
121,49,1
121,52,1
121,53,1
121,56,3
121,61,3
121,62,2
121,63,1
121,64,2
121,65,5
121,66,1
121,67,3
121,68,5
121,69,2
121,70,4
121,71,9
121,72,11
121,73,5
121,74,18
121,75,17
121,76,18
121,77,19
121,78,26
121,79,23
121,80,25
121,81,40
121,82,44
121,83,36
121,84,48
121,85,57
121,86,56
121,87,77
121,88,66
121,89,86
121,90,112
121,91,108
121,92,129
121,93,144
121,94,130
121,95,107
121,96,164
121,97,162
121,98,163
121,99,151
121,100,154
121,101,175
121,102,214
121,103,199
121,104,201
121,105,179
121,106,232
121,107,191
121,108,195
121,109,182
121,110,195
121,111,183
121,112,192
121,113,194
121,114,177
121,115,158
121,116,141
121,117,124
121,118,124
121,119,118
121,120,114
121,121,93
121,122,98
121,123,76
121,124,47
121,125,55
121,126,60
121,127,54
121,128,46
121,129,37
121,130,39
121,131,34
121,132,32
121,133,23
121,134,17
121,135,20
121,136,11
121,137,12
121,138,11
121,139,14
121,140,11
121,141,6
121,142,3
121,143,6
121,144,5
121,145,5
121,146,2
121,147,4
121,148,2
121,149,1
121,150,3
121,151,1
121,152,4
121,153,2
121,156,2
121,158,2
121,159,2
121,166,1
121,168,1
121,169,1
121,172,1
122,29,1
122,41,1
122,45,1
122,57,1
122,59,1
122,60,1
122,61,3
122,63,3
122,65,6
122,66,4
122,67,3
122,68,4
122,69,5
122,70,7
122,71,6
122,72,8
122,73,9
122,74,13
122,75,13
122,76,17
122,77,19
122,78,27
122,79,22
122,80,34
122,81,34
122,82,28
122,83,31
122,84,49
122,85,55
122,86,62
122,87,70
122,88,69
122,89,61
122,90,90
122,91,74
122,92,108
122,93,114
122,94,117
122,95,127
122,96,147
122,97,156
122,98,156
122,99,171
122,100,155
122,101,174
122,102,176
122,103,175
122,104,186
122,105,192
122,106,187
122,107,168
122,108,191
122,109,193
122,110,161
122,111,164
122,112,166
122,113,160
122,114,152
122,115,152
122,116,120
122,117,133
122,118,131
122,119,121
122,120,93
122,121,90
122,122,98
122,123,72
122,124,83
122,125,71
122,126,72
122,127,55
122,128,52
122,129,38
122,130,31
122,131,23
122,132,23
122,133,18
122,134,21
122,135,15
122,136,7
122,137,16
122,138,13
122,139,15
122,140,5
122,141,5
122,142,6
122,143,7
122,144,4
122,145,5
122,146,4
122,148,1
122,149,2
122,150,1
122,151,2
122,152,1
122,153,4
122,154,1
122,155,2
122,156,2
122,158,1
122,159,1
122,160,1
122,164,1
122,165,1
123,47,1
123,52,1
123,53,1
123,56,1
123,59,1
123,61,1
123,62,1
123,63,1
123,65,2
123,66,4
123,67,4
123,68,4
123,69,6
123,70,6
123,71,6
123,72,8
123,73,10
123,74,10
123,75,10
123,76,23
123,77,18
123,78,17
123,79,28
123,80,31
123,81,30
123,82,21
123,83,35
123,84,45
123,85,41
123,86,59
123,87,64
123,88,70
123,89,69
123,90,92
123,91,75
123,92,90
123,93,105
123,94,114
123,95,109
123,96,121
123,97,147
123,98,132
123,99,141
123,100,132
123,101,163
123,102,165
123,103,164
123,104,181
123,105,175
123,106,165
123,107,147
123,108,157
123,109,167
123,110,145
123,111,140
123,112,141
123,113,153
123,114,158
123,115,135
123,116,121
123,117,106
123,118,117
123,119,101
123,120,111
123,121,96
123,122,85
123,123,88
123,124,67
123,125,60
123,126,52
123,127,38
123,128,37
123,129,39
123,130,30
123,131,34
123,132,28
123,133,24
123,134,21
123,135,24
123,136,12
123,137,15
123,138,13
123,139,16
123,140,8
123,141,8
123,142,9
123,143,2
123,144,5
123,145,6
123,146,4
123,147,2
123,148,2
123,149,2
123,150,2
123,151,2
123,152,1
123,153,1
123,157,1
123,158,1
123,159,1
123,163,1
123,165,1
123,171,1
123,172,1
123,174,1
124,35,1
124,54,3
124,55,1
124,56,1
124,58,1
124,59,2
124,61,1
124,62,3
124,64,3
124,65,1
124,67,4
124,68,6
124,69,3
124,70,4
124,71,7
124,72,7
124,73,10
124,74,8
124,75,12
124,76,18
124,77,11
124,78,14
124,79,21
124,80,15
124,81,26
124,82,27
124,83,24
124,84,37
124,85,38
124,86,51
124,87,48
124,88,66
124,89,76
124,90,70
124,91,75
124,92,89
124,93,82
124,94,102
124,95,85
124,96,115
124,97,112
124,98,129
124,99,140
124,100,127
124,101,134
124,102,148
124,103,165
124,104,164
124,105,125
124,106,162
124,107,151
124,108,154
124,109,152
124,110,160
124,111,155
124,112,115
124,113,126
124,114,132
124,115,134
124,116,109
124,117,126
124,118,107
124,119,107
124,120,84
124,121,92
124,122,61
124,123,55
124,124,57
124,125,68
124,126,53
124,127,41
124,128,58
124,129,37
124,130,39
124,131,30
124,132,33
124,133,24
124,134,22
124,135,16
124,136,19
124,137,13
124,138,7
124,139,11
124,140,7
124,141,12
124,142,4
124,143,6
124,144,7
124,145,2
124,146,6
124,147,2
124,148,3
124,150,1
124,151,5
124,152,1
124,153,2
124,162,1
124,163,1
125,54,1
125,56,1
125,58,2
125,61,2
125,62,1
125,63,2
125,66,1
125,67,2
125,68,3
125,69,2
125,70,5
125,71,5
125,72,8
125,73,5
125,74,9
125,75,12
125,76,12
125,77,11
125,78,15
125,79,14
125,80,18
125,81,17
125,82,20
125,83,25
125,84,38
125,85,38
125,86,47
125,87,36
125,88,55
125,89,63
125,90,56
125,91,80
125,92,78
125,93,78
125,94,91
125,95,91
125,96,106
125,97,111
125,98,124
125,99,133
125,100,128
125,101,136
125,102,133
125,103,107
125,104,155
125,105,125
125,106,140
125,107,133
125,108,142
125,109,108
125,110,123
125,111,126
125,112,131
125,113,122
125,114,103
125,115,90
125,116,108
125,117,93
125,118,94
125,119,70
125,120,88
125,121,77
125,122,65
125,123,66
125,124,56
125,125,49
125,126,41
125,127,31
125,128,40
125,129,39
125,130,35
125,131,19
125,132,21
125,133,15
125,134,18
125,135,15
125,136,9
125,137,9
125,138,12
125,139,11
125,140,6
125,141,4
125,142,4
125,143,7
125,144,7
125,145,4
125,146,4
125,147,5
125,148,4
125,149,1
125,150,1
125,151,1
125,153,1
125,154,1
125,156,2
125,157,2
125,159,1
125,163,1
125,188,1
126,46,1
126,48,1
126,61,1
126,64,3
126,65,2
126,66,3
126,67,3
126,68,4
126,69,4
126,70,3
126,71,7
126,72,9
126,73,5
126,74,7
126,75,10
126,76,6
126,77,13
126,78,18
126,79,13
126,80,20
126,81,17
126,82,15
126,83,19
126,84,28
126,85,33
126,86,40
126,87,46
126,88,51
126,89,59
126,90,73
126,91,67
126,92,58
126,93,64
126,94,83
126,95,63
126,96,69
126,97,100
126,98,103
126,99,126
126,100,107
126,101,105
126,102,118
126,103,133
126,104,108
126,105,126
126,106,121
126,107,136
126,108,111
126,109,113
126,110,115
126,111,98
126,112,105
126,113,108
126,114,111
126,115,97
126,116,79
126,117,71
126,118,88
126,119,74
126,120,72
126,121,66
126,122,50
126,123,43
126,124,57
126,125,43
126,126,35
126,127,34
126,128,32
126,129,23
126,130,35
126,131,21
126,132,21
126,133,18
126,134,16
126,135,10
126,136,12
126,137,5
126,138,15
126,139,5
126,140,6
126,141,6
126,142,8
126,143,4
126,144,2
126,145,1
126,146,1
126,148,4
126,149,2
126,150,1
126,151,1
126,155,2
126,162,1
126,166,1
127,45,1
127,59,1
127,60,2
127,61,1
127,62,1
127,63,1
127,64,1
127,65,3
127,66,6
127,67,3
127,68,1
127,69,5
127,70,6
127,71,4
127,72,3
127,73,6
127,74,3
127,75,11
127,76,9
127,77,5
127,78,12
127,79,18
127,80,20
127,81,23
127,82,12
127,83,15
127,84,25
127,85,28
127,86,42
127,87,34
127,88,48
127,89,31
127,90,57
127,91,55
127,92,62
127,93,61
127,94,58
127,95,81
127,96,94
127,97,89
127,98,85
127,99,97
127,100,108
127,101,100
127,102,91
127,103,85
127,104,111
127,105,106
127,106,117
127,107,111
127,108,93
127,109,117
127,110,90
127,111,108
127,112,101
127,113,92
127,114,90
127,115,69
127,116,74
127,117,92
127,118,76
127,119,75
127,120,68
127,121,53
127,122,60
127,123,51
127,124,51
127,125,37
127,126,30
127,127,43
127,128,35
127,129,29
127,130,20
127,131,18
127,132,19
127,133,14
127,134,17
127,135,15
127,136,8
127,137,9
127,138,6
127,139,5
127,140,7
127,141,6
127,142,3
127,143,5
127,144,3
127,145,3
127,147,2
127,148,4
127,149,2
127,150,2
127,151,2
127,152,2
127,153,1
127,157,1
127,158,1
127,175,1
127,180,1
128,45,1
128,50,1
128,55,2
128,58,1
128,59,4
128,61,1
128,63,2
128,65,1
128,66,2
128,67,2
128,68,2
128,69,1
128,70,5
128,71,3
128,72,1
128,73,6
128,74,6
128,75,9
128,76,6
128,77,9
128,78,10
128,79,6
128,80,18
128,81,10
128,82,19
128,83,32
128,84,16
128,85,21
128,86,26
128,87,32
128,88,35
128,89,40
128,90,61
128,91,42
128,92,57
128,93,45
128,94,51
128,95,69
128,96,78
128,97,92
128,98,79
128,99,97
128,100,86
128,101,81
128,102,94
128,103,99
128,104,112
128,105,108
128,106,91
128,107,100
128,108,104
128,109,82
128,110,104
128,111,89
128,112,87
128,113,82
128,114,80
128,115,74
128,116,84
128,117,71
128,118,66
128,119,54
128,120,63
128,121,46
128,122,46
128,123,51
128,124,30
128,125,33
128,126,38
128,127,35
128,128,23
128,129,18
128,130,21
128,131,12
128,132,20
128,133,17
128,134,12
128,135,15
128,136,6
128,137,7
128,138,4
128,139,8
128,140,4
128,141,6
128,142,6
128,143,3
128,144,4
128,145,2
128,146,2
128,147,2
128,148,2
128,149,1
128,150,1
128,151,4
128,152,1
128,153,2
128,154,1
128,157,1
128,158,1
128,159,1
129,47,1
129,55,1
129,59,1
129,61,1
129,63,1
129,64,1
129,65,2
129,66,2
129,67,2
129,68,4
129,69,4
129,70,6
129,71,2
129,72,3
129,73,10
129,74,4
129,75,7
129,76,8
129,77,10
129,78,14
129,79,11
129,80,14
129,81,14
129,82,14
129,83,18
129,84,31
129,85,25
129,86,24
129,87,25
129,88,32
129,89,48
129,90,29
129,91,40
129,92,50
129,93,51
129,94,50
129,95,71
129,96,48
129,97,62
129,98,80
129,99,64
129,100,82
129,101,86
129,102,75
129,103,90
129,104,75
129,105,79
129,106,93
129,107,84
129,108,72
129,109,78
129,110,91
129,111,70
129,112,86
129,113,67
129,114,56
129,115,70
129,116,51
129,117,50
129,118,55
129,119,51
129,120,55
129,121,46
129,122,24
129,123,32
129,124,40
129,125,39
129,126,33
129,127,27
129,128,26
129,129,20
129,130,14
129,131,19
129,132,6
129,133,12
129,134,9
129,135,15
129,136,11
129,137,8
129,138,5
129,139,4
129,140,7
129,141,4
129,142,7
129,143,4
129,144,2
129,145,2
129,147,1
129,148,2
129,149,1
129,151,1
129,153,1
129,155,2
129,179,1
130,53,1
130,63,1
130,64,1
130,65,1
130,66,2
130,68,1
130,69,3
130,70,2
130,71,4
130,72,3
130,73,6
130,74,1
130,75,8
130,76,4
130,77,8
130,78,9
130,79,6
130,80,10
130,81,14
130,82,21
130,83,14
130,84,24
130,85,20
130,86,27
130,87,29
130,88,23
130,89,29
130,90,29
130,91,41
130,92,54
130,93,48
130,94,45
130,95,49
130,96,60
130,97,55
130,98,77
130,99,67
130,100,60
130,101,79
130,102,87
130,103,79
130,104,71
130,105,71
130,106,68
130,107,83
130,108,76
130,109,66
130,110,70
130,111,67
130,112,61
130,113,61
130,114,71
130,115,72
130,116,50
130,117,51
130,118,32
130,119,33
130,120,33
130,121,37
130,122,42
130,123,39
130,124,31
130,125,32
130,126,29
130,127,31
130,128,23
130,129,17
130,130,10
130,131,18
130,132,10
130,133,15
130,134,13
130,135,7
130,136,6
130,137,5
130,138,8
130,139,1
130,140,2
130,141,2
130,142,5
130,143,3
130,144,6
130,145,6
130,146,4
130,147,2
130,148,1
130,149,1
130,150,2
130,151,1
130,152,2
130,153,2
130,158,1
130,166,1
131,49,1
131,64,1
131,65,1
131,66,1
131,68,2
131,69,4
131,70,1
131,71,5
131,72,6
131,73,2
131,75,2
131,76,8
131,77,11
131,78,8
131,79,14
131,80,8
131,81,8
131,82,4
131,83,16
131,84,11
131,85,10
131,86,28
131,87,32
131,88,16
131,89,23
131,90,33
131,91,35
131,92,53
131,93,28
131,94,47
131,95,45
131,96,52
131,97,61
131,98,53
131,99,58
131,100,72
131,101,59
131,102,61
131,103,66
131,104,64
131,105,87
131,106,71
131,107,58
131,108,59
131,109,61
131,110,72
131,111,53
131,112,55
131,113,71
131,114,68
131,115,59
131,116,66
131,117,41
131,118,61
131,119,36
131,120,48
131,121,31
131,122,37
131,123,32
131,124,32
131,125,27
131,126,24
131,127,20
131,128,14
131,129,20
131,130,15
131,131,20
131,132,16
131,133,11
131,134,10
131,135,8
131,136,1
131,137,6
131,138,6
131,139,3
131,140,5
131,141,4
131,142,3
131,143,1
131,144,3
131,145,1
131,146,3
131,147,1
131,148,2
131,150,1
131,151,1
131,153,2
131,154,1
131,168,1
131,184,1
132,39,1
132,56,1
132,59,1
132,61,2
132,62,1
132,63,1
132,69,2
132,71,4
132,72,3
132,73,2
132,74,3
132,75,3
132,76,2
132,77,8
132,78,4
132,79,6
132,80,18
132,81,5
132,82,12
132,83,13
132,84,16
132,85,13
132,86,20
132,87,11
132,88,22
132,89,21
132,90,21
132,91,25
132,92,31
132,93,31
132,94,33
132,95,41
132,96,45
132,97,30
132,98,45
132,99,48
132,100,43
132,101,44
132,102,48
132,103,49
132,104,58
132,105,50
132,106,49
132,107,66
132,108,51
132,109,48
132,110,61
132,111,50
132,112,53
132,113,54
132,114,57
132,115,39
132,116,40
132,117,44
132,118,36
132,119,31
132,120,41
132,121,34
132,122,32
132,123,30
132,124,25
132,125,26
132,126,23
132,127,17
132,128,13
132,129,18
132,130,8
132,131,17
132,132,9
132,133,3
132,134,8
132,135,7
132,136,6
132,137,9
132,138,3
132,139,4
132,140,3
132,141,1
132,142,5
132,143,2
132,144,2
132,145,1
132,147,2
132,148,1
132,150,3
132,151,4
132,152,1
132,153,1
132,158,1
133,0,1
133,46,1
133,56,1
133,57,1
133,63,1
133,64,1
133,65,1
133,66,1
133,67,2
133,68,2
133,69,1
133,70,3
133,71,1
133,74,1
133,75,9
133,76,2
133,77,3
133,78,4
133,79,6
133,80,10
133,81,5
133,82,14
133,83,10
133,84,16
133,85,15
133,86,15
133,87,18
133,88,23
133,89,24
133,90,26
133,91,32
133,92,26
133,93,36
133,94,40
133,95,38
133,96,35
133,97,38
133,98,46
133,99,43
133,100,45
133,101,56
133,102,40
133,103,53
133,104,49
133,105,42
133,106,55
133,107,44
133,108,45
133,109,50
133,110,43
133,111,36
133,112,50
133,113,51
133,114,50
133,115,40
133,116,26
133,117,45
133,118,27
133,119,27
133,120,32
133,121,27
133,122,32
133,123,29
133,124,23
133,125,26
133,126,24
133,127,13
133,128,17
133,129,9
133,130,14
133,131,8
133,132,6
133,133,4
133,134,5
133,135,6
133,136,6
133,137,3
133,138,5
133,139,1
133,140,4
133,141,3
133,142,5
133,143,2
133,144,3
133,146,3
133,148,2
133,149,2
133,150,1
133,153,3
133,154,2
133,157,2
133,165,2
133,171,1
134,49,1
134,56,1
134,57,2
134,58,1
134,65,1
134,66,1
134,69,2
134,71,1
134,73,2
134,74,2
134,75,2
134,76,4
134,77,4
134,78,3
134,79,1
134,80,3
134,81,11
134,82,14
134,83,9
134,84,11
134,85,10
134,86,13
134,87,7
134,88,19
134,89,17
134,90,24
134,91,30
134,92,21
134,93,31
134,94,27
134,95,37
134,96,38
134,97,32
134,98,43
134,99,31
134,100,45
134,101,46
134,102,47
134,103,41
134,104,49
134,105,47
134,106,47
134,107,40
134,108,40
134,109,42
134,110,42
134,111,37
134,112,27
134,113,40
134,114,39
134,115,29
134,116,27
134,117,38
134,118,23
134,119,22
134,120,22
134,121,35
134,122,19
134,123,23
134,124,16
134,125,16
134,126,16
134,127,17
134,128,8
134,129,10
134,130,5
134,131,7
134,132,6
134,133,6
134,134,5
134,135,4
134,136,6
134,137,4
134,138,5
134,139,2
134,140,5
134,142,1
134,143,2
134,144,2
134,145,1
134,146,1
134,148,1
134,149,1
134,160,2
135,59,1
135,63,1
135,65,1
135,68,1
135,69,2
135,70,2
135,71,1
135,73,1
135,74,2
135,75,2
135,76,6
135,77,2
135,78,1
135,79,3
135,80,4
135,81,9
135,82,6
135,83,4
135,84,7
135,85,11
135,86,9
135,87,11
135,88,12
135,89,14
135,90,13
135,91,18
135,92,12
135,93,19
135,94,26
135,95,36
135,96,26
135,97,30
135,98,30
135,99,35
135,100,40
135,101,34
135,102,34
135,103,40
135,104,30
135,105,31
135,106,31
135,107,35
135,108,39
135,109,38
135,110,47
135,111,36
135,112,37
135,113,20
135,114,29
135,115,36
135,116,33
135,117,26
135,118,29
135,119,25
135,120,14
135,121,18
135,122,11
135,123,15
135,124,16
135,125,10
135,126,10
135,127,11
135,128,9
135,129,12
135,130,3
135,131,9
135,132,7
135,133,7
135,134,5
135,135,3
135,136,4
135,137,3
135,138,4
135,139,1
135,141,3
135,142,2
135,144,1
135,145,1
135,146,1
135,147,1
135,152,1
135,159,1
135,162,1
136,52,1
136,54,1
136,59,1
136,62,1
136,64,1
136,67,1
136,68,1
136,69,2
136,70,3
136,72,2
136,73,1
136,74,1
136,75,2
136,76,2
136,77,3
136,78,4
136,79,11
136,80,6
136,81,5
136,82,8
136,83,4
136,84,7
136,85,9
136,86,8
136,87,11
136,88,14
136,89,16
136,90,10
136,91,12
136,92,15
136,93,17
136,94,16
136,95,31
136,96,23
136,97,23
136,98,25
136,99,15
136,100,27
136,101,30
136,102,26
136,103,31
136,104,34
136,105,33
136,106,29
136,107,34
136,108,29
136,109,45
136,110,34
136,111,23
136,112,39
136,113,27
136,114,28
136,115,30
136,116,23
136,117,19
136,118,23
136,119,16
136,120,17
136,121,18
136,122,20
136,123,18
136,124,16
136,125,13
136,126,7
136,127,9
136,128,9
136,129,8
136,130,11
136,131,5
136,132,7
136,133,8
136,134,7
136,135,4
136,136,4
136,137,4
136,138,1
136,139,2
136,140,6
136,141,2
136,142,1
136,143,2
136,144,2
136,146,1
136,147,2
136,148,1
136,149,2
136,151,1
136,152,1
136,154,1
136,159,1
136,160,1
136,164,1
136,169,1
137,59,1
137,65,1
137,66,2
137,70,1
137,71,1
137,72,1
137,73,2
137,74,1
137,77,3
137,78,3
137,79,5
137,80,4
137,81,8
137,82,5
137,83,7
137,84,8
137,85,10
137,86,7
137,87,9
137,88,9
137,89,11
137,90,8
137,91,11
137,92,15
137,93,15
137,94,18
137,95,22
137,96,17
137,97,22
137,98,16
137,99,21
137,100,24
137,101,21
137,102,20
137,103,31
137,104,24
137,105,37
137,106,37
137,107,24
137,108,24
137,109,29
137,110,28
137,111,17
137,112,21
137,113,28
137,114,23
137,115,27
137,116,19
137,117,18
137,118,22
137,119,15
137,120,11
137,121,11
137,122,16
137,123,10
137,124,12
137,125,16
137,126,9
137,127,6
137,128,15
137,129,8
137,130,6
137,131,6
137,132,6
137,133,4
137,134,2
137,135,2
137,136,1
137,137,2
137,138,3
137,139,1
137,140,1
137,142,4
137,144,4
137,146,2
137,149,2
137,151,2
137,154,1
138,27,1
138,61,1
138,63,1
138,64,1
138,73,4
138,74,2
138,75,2
138,76,3
138,77,3
138,78,3
138,79,4
138,81,1
138,82,5
138,83,6
138,84,4
138,85,4
138,86,8
138,87,9
138,88,12
138,89,7
138,90,14
138,91,11
138,92,15
138,93,19
138,94,13
138,95,15
138,96,24
138,97,20
138,98,20
138,99,22
138,100,23
138,101,16
138,102,29
138,103,31
138,104,29
138,105,16
138,106,31
138,107,19
138,108,26
138,109,21
138,110,28
138,111,24
138,112,20
138,113,26
138,114,16
138,115,22
138,116,25
138,117,21
138,118,15
138,119,23
138,120,19
138,121,9
138,122,13
138,123,10
138,124,10
138,125,15
138,126,14
138,127,6
138,128,7
138,129,5
138,130,4
138,131,2
138,132,4
138,133,3
138,135,1
138,136,6
138,137,4
138,140,1
138,142,2
138,144,1
138,145,1
138,147,3
138,148,1
138,151,1
138,154,1
138,161,1
139,40,1
139,65,1
139,66,2
139,68,1
139,69,1
139,72,2
139,73,1
139,74,1
139,75,3
139,77,1
139,78,3
139,79,3
139,80,2
139,81,4
139,82,3
139,83,6
139,84,1
139,85,6
139,86,5
139,87,8
139,88,8
139,89,8
139,90,2
139,91,6
139,92,4
139,93,12
139,94,13
139,95,15
139,96,11
139,97,21
139,98,23
139,99,16
139,100,21
139,101,20
139,102,11
139,103,19
139,104,16
139,105,16
139,106,20
139,107,19
139,108,15
139,109,27
139,110,21
139,111,10
139,112,20
139,113,13
139,114,20
139,115,13
139,116,6
139,117,16
139,118,10
139,119,17
139,120,17
139,121,11
139,122,7
139,123,13
139,124,3
139,125,2
139,126,8
139,127,8
139,128,4
139,129,5
139,130,6
139,131,2
139,132,5
139,133,3
139,134,6
139,135,3
139,136,1
139,137,2
139,138,2
139,139,3
139,140,3
139,141,2
139,142,3
139,143,1
139,144,4
139,146,1
139,148,1
139,149,1
139,151,1
139,152,1
139,156,1
139,160,1
140,52,1
140,56,1
140,65,1
140,67,1
140,70,1
140,72,1
140,74,1
140,75,1
140,77,1
140,79,3
140,80,3
140,81,3
140,82,2
140,83,5
140,84,5
140,85,7
140,86,5
140,87,4
140,88,7
140,89,5
140,90,5
140,91,7
140,92,10
140,93,12
140,94,13
140,95,12
140,96,16
140,97,8
140,98,16
140,99,14
140,100,13
140,101,15
140,102,12
140,103,17
140,104,15
140,105,26
140,106,24
140,107,19
140,108,12
140,109,22
140,110,19
140,111,26
140,112,14
140,113,16
140,114,16
140,115,16
140,116,14
140,117,13
140,118,12
140,119,8
140,120,12
140,121,7
140,122,9
140,123,6
140,124,11
140,125,4
140,126,4
140,127,6
140,128,3
140,129,4
140,130,6
140,131,4
140,132,2
140,133,3
140,134,3
140,135,4
140,136,1
140,137,5
140,138,2
140,140,1
140,141,2
140,142,5
140,143,1
140,145,2
140,147,1
140,148,1
140,150,1
140,185,1
141,57,1
141,67,1
141,71,1
141,74,2
141,75,3
141,77,1
141,78,1
141,79,4
141,80,4
141,81,3
141,82,5
141,83,2
141,84,3
141,85,2
141,86,2
141,87,6
141,88,4
141,89,6
141,90,3
141,91,4
141,92,8
141,93,9
141,94,10
141,95,10
141,96,9
141,97,12
141,98,17
141,99,15
141,100,13
141,101,10
141,102,18
141,103,10
141,104,16
141,105,20
141,106,15
141,107,16
141,108,12
141,109,21
141,110,15
141,111,13
141,112,23
141,113,13
141,114,16
141,115,9
141,116,13
141,117,17
141,118,9
141,119,2
141,120,10
141,121,6
141,122,6
141,123,7
141,124,8
141,125,7
141,126,10
141,127,2
141,128,3
141,129,2
141,130,5
141,131,5
141,132,2
141,133,4
141,134,3
141,135,1
141,136,4
141,137,3
141,139,2
141,140,1
141,143,1
141,144,1
141,147,1
141,148,1
141,161,1
141,185,1
142,61,1
142,66,1
142,72,1
142,74,1
142,75,1
142,76,3
142,77,3
142,78,1
142,79,3
142,80,1
142,81,3
142,82,2
142,83,3
142,84,2
142,85,2
142,86,4
142,87,4
142,88,5
142,89,4
142,90,3
142,91,7
142,92,8
142,93,6
142,94,8
142,95,7
142,96,8
142,97,6
142,98,7
142,99,13
142,100,10
142,101,16
142,102,13
142,103,16
142,104,16
142,105,7
142,106,3
142,107,16
142,108,16
142,109,23
142,110,12
142,111,15
142,112,16
142,113,9
142,114,11
142,115,10
142,116,9
142,117,5
142,118,11
142,119,8
142,120,8
142,121,10
142,122,7
142,123,5
142,124,7
142,125,3
142,126,4
142,127,4
142,128,4
142,129,3
142,130,6
142,131,5
142,132,5
142,134,1
142,135,2
142,137,2
142,138,1
142,139,2
142,140,2
142,142,1
142,143,1
142,146,1
142,148,1
142,152,1
142,154,1
142,161,1
143,54,1
143,59,1
143,63,1
143,64,1
143,68,1
143,73,1
143,75,1
143,76,1
143,78,4
143,79,1
143,80,1
143,82,1
143,83,1
143,84,1
143,85,1
143,86,2
143,87,5
143,88,4
143,89,4
143,90,1
143,91,7
143,92,2
143,93,9
143,94,8
143,95,6
143,96,8
143,97,6
143,98,7
143,99,10
143,100,6
143,101,13
143,102,9
143,103,12
143,104,7
143,105,13
143,106,16
143,107,12
143,108,10
143,109,9
143,110,7
143,111,11
143,112,3
143,113,8
143,114,5
143,115,13
143,116,10
143,117,7
143,118,5
143,119,5
143,120,7
143,121,8
143,122,7
143,123,2
143,124,3
143,125,4
143,126,8
143,127,9
143,128,1
143,129,2
143,130,3
143,131,2
143,132,2
143,133,2
143,134,3
143,135,4
143,136,3
143,137,3
143,138,1
143,139,2
143,143,3
143,145,2
143,146,2
143,147,1
143,175,1
144,25,1
144,67,1
144,68,1
144,73,2
144,74,1
144,76,1
144,77,1
144,80,1
144,81,2
144,82,4
144,83,3
144,84,1
144,85,3
144,86,4
144,87,5
144,88,4
144,89,5
144,90,2
144,91,3
144,92,6
144,93,3
144,94,3
144,95,9
144,96,8
144,97,10
144,98,3
144,99,3
144,100,3
144,101,6
144,102,10
144,103,8
144,104,9
144,105,11
144,106,13
144,107,8
144,108,8
144,109,1
144,110,5
144,111,8
144,112,6
144,113,10
144,114,11
144,115,8
144,116,14
144,117,12
144,118,6
144,119,7
144,120,5
144,121,7
144,122,4
144,123,7
144,124,5
144,125,5
144,126,3
144,127,4
144,128,3
144,129,2
144,130,3
144,131,1
144,132,1
144,134,1
144,135,2
144,136,1
144,137,1
144,139,1
144,140,1
144,141,2
144,143,1
144,144,1
144,157,1
145,42,1
145,60,1
145,64,1
145,74,1
145,76,1
145,78,1
145,80,3
145,81,3
145,82,2
145,85,4
145,86,1
145,87,1
145,89,2
145,90,4
145,91,5
145,92,6
145,93,5
145,94,3
145,95,6
145,96,5
145,97,10
145,98,9
145,99,3
145,100,6
145,101,6
145,102,6
145,103,10
145,104,4
145,105,6
145,106,4
145,107,7
145,108,11
145,109,9
145,110,4
145,111,10
145,112,4
145,113,8
145,114,9
145,115,9
145,116,7
145,117,5
145,118,2
145,119,3
145,120,1
145,121,4
145,122,5
145,123,4
145,124,3
145,125,1
145,127,5
145,128,2
145,129,1
145,130,1
145,131,4
145,132,4
145,133,2
145,134,3
145,135,1
145,137,1
145,138,1
145,140,1
145,141,1
145,144,1
145,146,1
145,147,2
145,150,1
145,154,1
146,66,1
146,73,1
146,75,1
146,78,1
146,80,1
146,82,1
146,83,2
146,84,1
146,85,5
146,88,1
146,89,2
146,90,5
146,91,5
146,92,2
146,93,3
146,94,4
146,95,3
146,96,5
146,97,3
146,98,9
146,99,6
146,100,6
146,101,2
146,102,9
146,103,2
146,104,5
146,105,3
146,106,5
146,107,3
146,108,6
146,109,9
146,110,7
146,111,8
146,112,3
146,113,10
146,114,5
146,115,2
146,116,1
146,117,5
146,118,3
146,119,5
146,120,3
146,121,2
146,122,3
146,123,2
146,124,2
146,125,5
146,126,1
146,127,2
146,128,2
146,129,3
146,130,2
146,131,1
146,132,1
146,133,1
146,137,1
146,140,1
146,143,1
146,144,1
146,149,1
146,151,1
146,152,1
146,160,1
147,62,1
147,66,1
147,70,1
147,77,1
147,78,2
147,79,3
147,81,1
147,82,2
147,83,1
147,85,3
147,87,1
147,89,1
147,90,2
147,91,1
147,92,1
147,93,3
147,94,1
147,95,4
147,96,3
147,97,3
147,98,5
147,99,7
147,100,1
147,101,5
147,102,7
147,103,3
147,104,7
147,105,4
147,106,2
147,107,3
147,108,8
147,109,8
147,110,7
147,111,9
147,112,4
147,113,7
147,114,4
147,115,5
147,116,2
147,117,4
147,118,5
147,119,8
147,120,3
147,121,2
147,122,1
147,123,2
147,124,3
147,125,1
147,126,2
147,127,3
147,128,2
147,129,2
147,130,1
147,132,1
147,134,2
147,135,1
147,137,1
147,138,2
147,139,1
147,140,1
147,144,1
147,146,1
148,74,1
148,80,1
148,83,2
148,84,3
148,85,1
148,86,3
148,87,1
148,89,2
148,90,2
148,91,3
148,92,3
148,93,2
148,94,4
148,95,3
148,96,1
148,97,3
148,98,3
148,99,3
148,100,4
148,101,1
148,102,6
148,103,3
148,104,6
148,105,4
148,106,3
148,107,9
148,108,8
148,109,3
148,110,6
148,111,5
148,112,2
148,113,7
148,114,3
148,115,3
148,116,4
148,117,2
148,118,6
148,119,2
148,120,4
148,121,3
148,122,4
148,123,9
148,124,2
148,125,1
148,126,3
148,127,2
148,128,1
148,131,1
148,133,2
148,136,1
148,138,1
148,139,1
148,140,1
148,142,2
148,143,1
148,146,1
148,151,1
148,158,1
148,177,1
149,33,1
149,37,1
149,56,1
149,70,1
149,75,2
149,80,1
149,83,1
149,84,1
149,89,1
149,90,2
149,92,1
149,94,2
149,95,1
149,96,5
149,97,2
149,98,1
149,99,1
149,100,6
149,101,4
149,102,5
149,103,2
149,104,4
149,105,3
149,106,1
149,107,4
149,108,3
149,109,2
149,110,4
149,111,4
149,112,2
149,113,5
149,114,5
149,115,2
149,116,7
149,117,5
149,118,2
149,119,3
149,120,4
149,121,1
149,122,4
149,123,2
149,124,1
149,125,3
149,126,1
149,127,4
149,129,4
149,131,3
149,132,2
149,136,1
149,137,1
149,140,1
149,141,1
149,145,2
149,146,1
149,147,1
149,149,2
150,71,1
150,74,1
150,83,2
150,85,2
150,86,1
150,87,1
150,88,3
150,89,1
150,90,1
150,91,2
150,93,2
150,94,1
150,95,1
150,96,2
150,97,1
150,98,3
150,99,3
150,101,4
150,102,3
150,103,5
150,104,5
150,105,1
150,106,3
150,107,5
150,108,3
150,109,7
150,110,4
150,111,2
150,112,1
150,113,4
150,114,2
150,115,2
150,116,2
150,117,1
150,118,2
150,119,3
150,120,1
150,121,1
150,122,4
150,123,2
150,124,2
150,125,1
150,126,1
150,127,3
150,128,2
150,130,2
150,131,2
150,133,1
150,134,4
150,135,2
150,136,2
150,138,1
150,141,1
150,149,1
150,155,1
151,54,1
151,66,1
151,71,1
151,73,1
151,75,1
151,76,1
151,78,1
151,79,1
151,82,1
151,84,1
151,86,1
151,87,1
151,88,2
151,90,3
151,91,1
151,92,1
151,93,1
151,94,2
151,95,2
151,96,1
151,97,4
151,98,1
151,99,4
151,100,2
151,101,2
151,102,2
151,103,4
151,104,5
151,105,5
151,106,5
151,107,6
151,108,2
151,109,1
151,110,1
151,111,7
151,112,1
151,113,2
151,114,2
151,115,2
151,116,1
151,117,2
151,118,4
151,119,2
151,120,1
151,121,3
151,122,2
151,123,3
151,124,1
151,125,3
151,126,2
151,128,2
151,129,1
151,130,2
151,131,2
151,133,1
151,136,1
151,139,1
151,142,1
151,145,1
151,158,1
152,66,1
152,67,1
152,70,1
152,74,2
152,77,1
152,79,1
152,81,1
152,85,1
152,87,1
152,88,1
152,89,2
152,90,1
152,92,3
152,93,2
152,95,1
152,96,4
152,98,3
152,99,3
152,100,1
152,101,4
152,102,4
152,103,1
152,104,3
152,105,3
152,106,2
152,107,1
152,108,1
152,109,2
152,110,3
152,111,1
152,112,2
152,113,2
152,114,1
152,115,1
152,116,1
152,118,2
152,119,3
152,120,3
152,121,1
152,123,2
152,124,1
152,125,2
152,127,1
152,129,3
152,130,1
152,131,2
152,132,2
152,133,1
152,134,1
152,135,1
152,138,1
152,150,1
152,154,2
152,159,1
153,61,1
153,64,1
153,72,2
153,73,1
153,75,1
153,76,2
153,82,1
153,91,2
153,92,1
153,93,1
153,94,1
153,96,2
153,97,2
153,98,1
153,100,1
153,101,3
153,102,2
153,103,4
153,104,1
153,105,1
153,106,1
153,107,1
153,108,1
153,109,2
153,110,2
153,111,2
153,112,1
153,113,1
153,114,2
153,115,2
153,117,3
153,118,1
153,119,3
153,121,1
153,122,2
153,123,1
153,129,1
153,130,1
153,142,1
153,144,1
153,150,1
154,67,1
154,71,1
154,72,2
154,79,1
154,91,1
154,92,1
154,94,3
154,95,1
154,96,2
154,97,3
154,99,1
154,100,2
154,102,3
154,103,1
154,104,1
154,105,3
154,106,1
154,108,3
154,111,1
154,112,1
154,113,1
154,117,1
154,118,2
154,120,1
154,121,1
154,122,1
154,125,1
154,126,1
154,132,1
154,173,1
155,54,1
155,63,1
155,71,1
155,82,1
155,84,2
155,85,1
155,90,1
155,91,1
155,92,1
155,93,1
155,94,1
155,96,2
155,98,1
155,99,1
155,100,3
155,101,1
155,102,1
155,103,1
155,105,2
155,107,1
155,108,1
155,109,3
155,110,2
155,112,1
155,114,1
155,119,1
155,120,1
155,122,2
155,132,1
155,134,1
155,135,1
155,141,1
155,143,1
156,43,1
156,87,1
156,89,1
156,91,1
156,92,1
156,94,1
156,95,2
156,97,1
156,100,1
156,101,1
156,103,2
156,104,1
156,105,1
156,107,3
156,111,3
156,112,1
156,114,1
156,116,1
156,123,1
156,124,1
156,128,1
156,130,1
156,144,1
157,71,1
157,90,1
157,94,1
157,96,1
157,97,1
157,104,1
157,105,1
157,106,1
157,108,1
157,114,1
157,118,1
157,120,1
157,125,1
157,127,1
157,128,1
157,129,2
157,144,1
157,145,1
157,149,1
157,156,1
158,84,1
158,89,1
158,95,2
158,96,1
158,98,1
158,106,1
158,109,2
158,112,2
158,115,1
158,118,1
158,121,2
158,128,1
158,134,1
158,142,1
159,74,1
159,75,1
159,86,1
159,89,1
159,99,1
159,100,1
159,102,1
159,107,2
159,111,1
159,117,1
159,118,1
159,120,1
159,128,1
159,130,1
159,131,1
159,151,1
159,163,1
160,66,1
160,80,1
160,81,1
160,90,1
160,108,1
160,109,1
160,112,2
160,119,1
160,146,1
161,74,1
161,78,1
161,89,1
161,101,1
161,109,1
161,113,1
161,116,1
161,117,1
161,120,1
161,121,1
161,123,1
161,124,1
161,126,1
161,132,1
161,133,1
161,136,1
161,139,1
161,143,1
162,87,1
162,91,1
162,99,1
162,101,1
162,106,1
162,114,1
162,120,1
162,127,1
162,160,1
163,54,1
163,77,1
163,90,1
163,99,1
163,109,2
163,110,1
163,111,1
163,113,1
163,116,1
163,139,1
163,141,1
164,65,1
164,92,1
164,108,1
164,109,1
164,110,1
164,112,1
164,114,1
164,128,1
164,147,1
165,91,1
165,115,1
165,117,1
165,122,1
165,154,1
166,84,1
166,95,1
166,109,1
166,110,1
166,120,1
166,126,1
166,146,1
166,148,1
167,107,1
167,109,1
167,132,1
168,90,1
168,147,1
168,148,1
169,69,1
169,79,1
169,106,1
169,116,1
169,136,1
170,99,1
170,131,1
171,143,1
172,137,1
173,86,1
174,78,1
174,108,1
174,144,1
176,123,1
178,134,1
181,88,1
198,81,1
199,103,1
